0,0
0.01,0.033799
0.02,0.066999
0.03,0.099607
0.04,0.13163
0.05,0.16306
0.06,0.19392
0.07,0.2242
0.08,0.25391
0.09,0.28306
0.1,0.31165
0.11,0.33968
0.12,0.36716
0.13,0.3941
0.14,0.42049
0.15,0.44635
0.16,0.47167
0.17,0.49647
0.18,0.52074
0.19,0.5445
0.2,0.56774
0.21,0.59047
0.22,0.6127
0.23,0.63443
0.24,0.65566
0.25,0.67641
0.26,0.69667
0.27,0.71644
0.28,0.73575
0.29,0.75458
0.3,0.77294
0.31,0.79084
0.32,0.80829
0.33,0.82528
0.34,0.84182
0.35,0.85792
0.36,0.87358
0.37,0.88881
0.38,0.90361
0.39,0.91798
0.4,0.93194
0.41,0.94547
0.42,0.9586
0.43,0.97132
0.44,0.98364
0.45,0.99557
0.46,1.0071
0.47,1.0182
0.48,1.029
0.49,1.0394
0.5,1.0494
0.51,1.059
0.52,1.0683
0.53,1.0772
0.54,1.0858
0.55,1.094
0.56,1.1019
0.57,1.1094
0.58,1.1166
0.59,1.1235
0.6,1.13
0.61,1.1362
0.62,1.1421
0.63,1.1477
0.64,1.153
0.65,1.158
0.66,1.1626
0.67,1.167
0.68,1.1711
0.69,1.1749
0.7,1.1785
0.71,1.1817
0.72,1.1847
0.73,1.1874
0.74,1.1899
0.75,1.1921
0.76,1.194
0.77,1.1957
0.78,1.1972
0.79,1.1984
0.8,1.1994
0.81,1.2002
0.82,1.2007
0.83,1.201
0.84,1.2011
0.85,1.2002
0.86,1.1976
0.87,1.1932
0.88,1.1871
0.89,1.1794
0.9,1.1701
0.91,1.1593
0.92,1.147
0.93,1.1332
0.94,1.1179
0.95,1.1013
0.96,1.0834
0.97,1.0642
0.98,1.0437
0.99,1.022
1,0.99918
1.01,0.97522
1.02,0.95018
1.03,0.92411
1.04,0.89705
1.05,0.86905
1.06,0.84014
1.07,0.81037
1.08,0.77979
1.09,0.74843
1.1,0.71633
1.11,0.68355
1.12,0.65013
1.13,0.6161
1.14,0.58151
1.15,0.54641
1.16,0.51083
1.17,0.47482
1.18,0.43843
1.19,0.40169
1.2,0.36465
1.21,0.32735
1.22,0.28984
1.23,0.25215
1.24,0.21433
1.25,0.17643
1.26,0.13849
1.27,0.10055
1.28,0.062644
1.29,0.02483
1.3,-0.012856
1.31,-0.05037
1.32,-0.087669
1.33,-0.12471
1.34,-0.16145
1.35,-0.19784
1.36,-0.23385
1.37,-0.26943
1.38,-0.30453
1.39,-0.33912
1.4,-0.37315
1.41,-0.40657
1.42,-0.43936
1.43,-0.47145
1.44,-0.50281
1.45,-0.53339
1.46,-0.56316
1.47,-0.59207
1.48,-0.62008
1.49,-0.64713
1.5,-0.6732
1.51,-0.69824
1.52,-0.7222
1.53,-0.74504
1.54,-0.76672
1.55,-0.78719
1.56,-0.80642
1.57,-0.82435
1.58,-0.84096
1.59,-0.85618
1.6,-0.86999
1.61,-0.88233
1.62,-0.89316
1.63,-0.90245
1.64,-0.91015
1.65,-0.91621
1.66,-0.92059
1.67,-0.92325
1.68,-0.92414
1.69,-0.92339
1.7,-0.92117
1.71,-0.91753
1.72,-0.91253
1.73,-0.90622
1.74,-0.89867
1.75,-0.88993
1.76,-0.88004
1.77,-0.86908
1.78,-0.85709
1.79,-0.84412
1.8,-0.83024
1.81,-0.81551
1.82,-0.79996
1.83,-0.78367
1.84,-0.76668
1.85,-0.74906
1.86,-0.73085
1.87,-0.71212
1.88,-0.69291
1.89,-0.67329
1.9,-0.6533
1.91,-0.63302
1.92,-0.61248
1.93,-0.59174
1.94,-0.57087
1.95,-0.54992
1.96,-0.52894
1.97,-0.50798
1.98,-0.48711
1.99,-0.46638
2,-0.44584
2.01,-0.42555
2.02,-0.40557
2.03,-0.38595
2.04,-0.36674
2.05,-0.34801
2.06,-0.3298
2.07,-0.31217
2.08,-0.29519
2.09,-0.27889
2.1,-0.26335
2.11,-0.24861
2.12,-0.23473
2.13,-0.22177
2.14,-0.20978
2.15,-0.19881
2.16,-0.18893
2.17,-0.18018
2.18,-0.17263
2.19,-0.16633
2.2,-0.16133
2.21,-0.15769
2.22,-0.15547
2.23,-0.15471
2.24,-0.15505
2.25,-0.15604
2.26,-0.15765
2.27,-0.15987
2.28,-0.16264
2.29,-0.16596
2.3,-0.16978
2.31,-0.17409
2.32,-0.17884
2.33,-0.18402
2.34,-0.18959
2.35,-0.19552
2.36,-0.20179
2.37,-0.20836
2.38,-0.2152
2.39,-0.2223
2.4,-0.22961
2.41,-0.23711
2.42,-0.24477
2.43,-0.25257
2.44,-0.26046
2.45,-0.26843
2.46,-0.27644
2.47,-0.28446
2.48,-0.29247
2.49,-0.30044
2.5,-0.30833
2.51,-0.31612
2.52,-0.32378
2.53,-0.33128
2.54,-0.3386
2.55,-0.34569
2.56,-0.35254
2.57,-0.35911
2.58,-0.36538
2.59,-0.37131
2.6,-0.37688
2.61,-0.38205
2.62,-0.38681
2.63,-0.39111
2.64,-0.39494
2.65,-0.39825
2.66,-0.40103
2.67,-0.40324
2.68,-0.40486
2.69,-0.40585
2.7,-0.40618
2.71,-0.40592
2.72,-0.40513
2.73,-0.40384
2.74,-0.40206
2.75,-0.3998
2.76,-0.39708
2.77,-0.39391
2.78,-0.3903
2.79,-0.38629
2.8,-0.38186
2.81,-0.37705
2.82,-0.37186
2.83,-0.36632
2.84,-0.36043
2.85,-0.35421
2.86,-0.34768
2.87,-0.34084
2.88,-0.33372
2.89,-0.32633
2.9,-0.31868
2.91,-0.31078
2.92,-0.30267
2.93,-0.29433
2.94,-0.2858
2.95,-0.27709
2.96,-0.26821
2.97,-0.25917
2.98,-0.25
2.99,-0.2407
3,-0.23129
3.01,-0.22179
3.02,-0.2122
3.03,-0.20255
3.04,-0.19285
3.05,-0.18311
3.06,-0.17335
3.07,-0.16358
3.08,-0.15382
3.09,-0.14408
3.1,-0.13437
3.11,-0.12472
3.12,-0.11514
3.13,-0.10563
3.14,-0.096222
3.15,-0.086923
3.16,-0.077748
3.17,-0.068712
3.18,-0.059831
3.19,-0.051118
3.2,-0.042588
3.21,-0.034257
3.22,-0.026138
3.23,-0.018246
3.24,-0.010597
3.25,-0.003204
3.26,0.0039176
3.27,0.010753
3.28,0.017288
3.29,0.023508
3.3,0.029397
3.31,0.034942
3.32,0.040128
3.33,0.04494
3.34,0.049363
3.35,0.053382
3.36,0.056984
3.37,0.060153
3.38,0.062875
3.39,0.065135
3.4,0.066918
3.41,0.06821
3.42,0.068996
3.43,0.069261
3.44,0.068839
3.45,0.067588
3.46,0.065531
3.47,0.062692
3.48,0.059093
3.49,0.054757
3.5,0.049707
3.51,0.043967
3.52,0.037559
3.53,0.030507
3.54,0.022833
3.55,0.014561
3.56,0.0057124
3.57,-0.0036883
3.58,-0.013618
3.59,-0.024055
3.6,-0.034975
3.61,-0.046356
3.62,-0.058174
3.63,-0.070406
3.64,-0.08303
3.65,-0.096022
3.66,-0.10936
3.67,-0.12302
3.68,-0.13698
3.69,-0.15121
3.7,-0.1657
3.71,-0.18042
3.72,-0.19535
3.73,-0.21046
3.74,-0.22573
3.75,-0.24114
3.76,-0.25666
3.77,-0.27228
3.78,-0.28796
3.79,-0.3037
3.8,-0.31945
3.81,-0.3352
3.82,-0.35094
3.83,-0.36662
3.84,-0.38224
3.85,-0.39776
3.86,-0.41317
3.87,-0.42844
3.88,-0.44355
3.89,-0.45848
3.9,-0.4732
3.91,-0.48769
3.92,-0.50192
3.93,-0.51588
3.94,-0.52954
3.95,-0.54288
3.96,-0.55587
3.97,-0.56849
3.98,-0.58073
3.99,-0.59254
4,-0.60393
4.01,-0.61485
4.02,-0.62528
4.03,-0.63521
4.04,-0.64461
4.05,-0.65346
4.06,-0.66173
4.07,-0.66941
4.08,-0.67646
4.09,-0.68287
4.1,-0.68861
4.11,-0.69366
4.12,-0.69799
4.13,-0.70159
4.14,-0.70443
4.15,-0.70649
4.16,-0.70774
4.17,-0.70816
4.18,-0.70764
4.19,-0.70611
4.2,-0.70357
4.21,-0.70006
4.22,-0.69559
4.23,-0.69017
4.24,-0.68384
4.25,-0.6766
4.26,-0.66848
4.27,-0.65951
4.28,-0.64969
4.29,-0.63905
4.3,-0.62761
4.31,-0.61538
4.32,-0.6024
4.33,-0.58867
4.34,-0.57422
4.35,-0.55907
4.36,-0.54324
4.37,-0.52674
4.38,-0.5096
4.39,-0.49183
4.4,-0.47346
4.41,-0.45451
4.42,-0.43499
4.43,-0.41493
4.44,-0.39435
4.45,-0.37326
4.46,-0.35168
4.47,-0.32964
4.48,-0.30716
4.49,-0.28425
4.5,-0.26093
4.51,-0.23723
4.52,-0.21316
4.53,-0.18875
4.54,-0.16401
4.55,-0.13896
4.56,-0.11362
4.57,-0.08802
4.58,-0.06217
4.59,-0.036093
4.6,-0.009808
4.61,0.016665
4.62,0.043306
4.63,0.070096
4.64,0.097015
4.65,0.12404
4.66,0.15116
4.67,0.17834
4.68,0.20558
4.69,0.23284
4.7,0.26012
4.71,0.28738
4.72,0.31462
4.73,0.3418
4.74,0.36892
4.75,0.39595
4.76,0.42287
4.77,0.44966
4.78,0.4763
4.79,0.50277
4.8,0.52906
4.81,0.55513
4.82,0.58098
4.83,0.60658
4.84,0.63192
4.85,0.65697
4.86,0.68171
4.87,0.70612
4.88,0.73019
4.89,0.75389
4.9,0.77721
4.91,0.80012
4.92,0.82261
4.93,0.84465
4.94,0.86622
4.95,0.88731
4.96,0.9079
4.97,0.92796
4.98,0.94747
4.99,0.96642
5,0.98479
5.01,1.0026
5.02,1.0197
5.03,1.0362
5.04,1.052
5.05,1.0672
5.06,1.0816
5.07,1.0954
5.08,1.1083
5.09,1.1206
5.1,1.132
5.11,1.1427
5.12,1.1525
5.13,1.1614
5.14,1.1696
5.15,1.1768
5.16,1.1831
5.17,1.1885
5.18,1.193
5.19,1.1965
5.2,1.1991
5.21,1.2006
5.22,1.2011
5.23,1.2008
5.24,1.2
5.25,1.1986
5.26,1.1966
5.27,1.1941
5.28,1.1911
5.29,1.1875
5.3,1.1835
5.31,1.179
5.32,1.1739
5.33,1.1684
5.34,1.1624
5.35,1.156
5.36,1.1491
5.37,1.1418
5.38,1.134
5.39,1.1258
5.4,1.1173
5.41,1.1083
5.42,1.0989
5.43,1.0892
5.44,1.0791
5.45,1.0686
5.46,1.0578
5.47,1.0466
5.48,1.0351
5.49,1.0233
5.5,1.0112
5.51,0.99882
5.52,0.98612
5.53,0.97314
5.54,0.95989
5.55,0.94638
5.56,0.93263
5.57,0.91864
5.58,0.90441
5.59,0.88997
5.6,0.87532
5.61,0.86047
5.62,0.84543
5.63,0.83021
5.64,0.81483
5.65,0.79928
5.66,0.78358
5.67,0.76775
5.68,0.75178
5.69,0.7357
5.7,0.71951
5.71,0.70321
5.72,0.68683
5.73,0.67037
5.74,0.65384
5.75,0.63724
5.76,0.6206
5.77,0.60392
5.78,0.58721
5.79,0.57048
5.8,0.55374
5.81,0.537
5.82,0.52027
5.83,0.50355
5.84,0.48687
5.85,0.47023
5.86,0.45364
5.87,0.43711
5.88,0.42065
5.89,0.40426
5.9,0.38797
5.91,0.37178
5.92,0.35569
5.93,0.33973
5.94,0.32389
5.95,0.3082
5.96,0.29265
5.97,0.27726
5.98,0.26204
5.99,0.24701
6,0.23216
6.01,0.2175
6.02,0.20306
6.03,0.18884
6.04,0.17485
6.05,0.16109
6.06,0.14759
6.07,0.13434
6.08,0.12136
6.09,0.10866
6.1,0.096249
6.11,0.084137
6.12,0.072333
6.13,0.060848
6.14,0.049691
6.15,0.038873
6.16,0.028403
6.17,0.018291
6.18,0.0085476
6.19,-0.00081749
6.2,-0.0097944
6.21,-0.018373
6.22,-0.026544
6.23,-0.034296
6.24,-0.041621
6.25,-0.048507
6.26,-0.054946
6.27,-0.060927
6.28,-0.06644
6.29,-0.071475
6.3,-0.076022
6.31,-0.080072
6.32,-0.083614
6.33,-0.086638
6.34,-0.089135
6.35,-0.091094
6.36,-0.092506
6.37,-0.09336
6.38,-0.093647
6.39,-0.093171
6.4,-0.091773
6.41,-0.089496
6.42,-0.086384
6.43,-0.082481
6.44,-0.077831
6.45,-0.072478
6.46,-0.066467
6.47,-0.05984
6.48,-0.052642
6.49,-0.044917
6.5,-0.036709
6.51,-0.028061
6.52,-0.019018
6.53,-0.0096231
6.54,7.9067e-05
6.55,0.010045
6.56,0.02023
6.57,0.030591
6.58,0.041084
6.59,0.051665
6.6,0.06229
6.61,0.072915
6.62,0.083496
6.63,0.093989
6.64,0.10435
6.65,0.11454
6.66,0.1245
6.67,0.1342
6.68,0.1436
6.69,0.15264
6.7,0.16129
6.71,0.1695
6.72,0.17722
6.73,0.18442
6.74,0.19105
6.75,0.19706
6.76,0.20241
6.77,0.20706
6.78,0.21096
6.79,0.21408
6.8,0.21635
6.81,0.21775
6.82,0.21823
6.83,0.21767
6.84,0.21603
6.85,0.21335
6.86,0.20965
6.87,0.20499
6.88,0.1994
6.89,0.19291
6.9,0.18558
6.91,0.17743
6.92,0.16851
6.93,0.15885
6.94,0.14849
6.95,0.13747
6.96,0.12584
6.97,0.11362
6.98,0.10086
6.99,0.087597
7,0.073869
7.01,0.059715
7.02,0.045173
7.03,0.030283
7.04,0.015083
7.05,-0.00038894
7.06,-0.016093
7.07,-0.031991
7.08,-0.048043
7.09,-0.064212
7.1,-0.080459
7.11,-0.096744
7.12,-0.11303
7.13,-0.12928
7.14,-0.14544
7.15,-0.1615
7.16,-0.17739
7.17,-0.1931
7.18,-0.20857
7.19,-0.22377
7.2,-0.23866
7.21,-0.2532
7.22,-0.26736
7.23,-0.28109
7.24,-0.29435
7.25,-0.30711
7.26,-0.31932
7.27,-0.33096
7.28,-0.34198
7.29,-0.35233
7.3,-0.36199
7.31,-0.37092
7.32,-0.37907
7.33,-0.3864
7.34,-0.39289
7.35,-0.39848
7.36,-0.40314
7.37,-0.40683
7.38,-0.40952
7.39,-0.41116
7.4,-0.41172
7.41,-0.41137
7.42,-0.41036
7.43,-0.4087
7.44,-0.4064
7.45,-0.40347
7.46,-0.39994
7.47,-0.39583
7.48,-0.39114
7.49,-0.3859
7.5,-0.38011
7.51,-0.37381
7.52,-0.367
7.53,-0.3597
7.54,-0.35193
7.55,-0.3437
7.56,-0.33503
7.57,-0.32594
7.58,-0.31644
7.59,-0.30655
7.6,-0.29629
7.61,-0.28566
7.62,-0.2747
7.63,-0.26341
7.64,-0.25182
7.65,-0.23993
7.66,-0.22777
7.67,-0.21535
7.68,-0.20268
7.69,-0.18979
7.7,-0.17669
7.71,-0.1634
7.72,-0.14993
7.73,-0.1363
7.74,-0.12253
7.75,-0.10863
7.76,-0.094617
7.77,-0.080512
7.78,-0.066329
7.79,-0.052085
7.8,-0.037795
7.81,-0.023478
7.82,-0.009148
7.83,0.0051772
7.84,0.019481
7.85,0.033748
7.86,0.047961
7.87,0.062104
7.88,0.076159
7.89,0.090112
7.9,0.10394
7.91,0.11764
7.92,0.13118
7.93,0.14456
7.94,0.15775
7.95,0.17074
7.96,0.1835
7.97,0.19604
7.98,0.20832
7.99,0.22034
8,0.23207
8.01,0.24349
8.02,0.25461
8.03,0.26538
8.04,0.27581
8.05,0.28587
8.06,0.29555
8.07,0.30483
8.08,0.31369
8.09,0.32212
8.1,0.3301
8.11,0.33762
8.12,0.34493
8.13,0.3523
8.14,0.35972
8.15,0.36719
8.16,0.3747
8.17,0.38225
8.18,0.38983
8.19,0.39745
8.2,0.40508
8.21,0.41274
8.22,0.42041
8.23,0.42808
8.24,0.43576
8.25,0.44344
8.26,0.45112
8.27,0.45878
8.28,0.46642
8.29,0.47404
8.3,0.48164
8.31,0.4892
8.32,0.49673
8.33,0.50421
8.34,0.51165
8.35,0.51903
8.36,0.52636
8.37,0.53363
8.38,0.54083
8.39,0.54796
8.4,0.55501
8.41,0.56198
8.42,0.56886
8.43,0.57565
8.44,0.58235
8.45,0.58894
8.46,0.59542
8.47,0.6018
8.48,0.60805
8.49,0.61419
8.5,0.62019
8.51,0.62607
8.52,0.63181
8.53,0.6374
8.54,0.64285
8.55,0.64814
8.56,0.65328
8.57,0.65826
8.58,0.66307
8.59,0.66771
8.6,0.67216
8.61,0.67644
8.62,0.68053
8.63,0.68443
8.64,0.68813
8.65,0.69163
8.66,0.69492
8.67,0.698
8.68,0.70086
8.69,0.7035
8.7,0.70591
8.71,0.70808
8.72,0.71003
8.73,0.71172
8.74,0.71318
8.75,0.71437
8.76,0.71531
8.77,0.71599
8.78,0.7164
8.79,0.71654
8.8,0.71571
8.81,0.71325
8.82,0.70919
8.83,0.70359
8.84,0.69647
8.85,0.68788
8.86,0.67787
8.87,0.66647
8.88,0.65372
8.89,0.63966
8.9,0.62434
8.91,0.60779
8.92,0.59006
8.93,0.57119
8.94,0.55121
8.95,0.53017
8.96,0.50812
8.97,0.48508
8.98,0.4611
8.99,0.43623
9,0.4105
9.01,0.38395
9.02,0.35662
9.03,0.32856
9.04,0.29981
9.05,0.27041
9.06,0.24039
9.07,0.2098
9.08,0.17868
9.09,0.14707
9.1,0.11501
9.11,0.082542
9.12,0.049707
9.13,0.016545
9.14,-0.016902
9.15,-0.050594
9.16,-0.08449
9.17,-0.11855
9.18,-0.15273
9.19,-0.187
9.2,-0.2213
9.21,-0.2556
9.22,-0.28987
9.23,-0.32405
9.24,-0.35811
9.25,-0.39201
9.26,-0.4257
9.27,-0.45914
9.28,-0.49231
9.29,-0.52514
9.3,-0.55761
9.31,-0.58967
9.32,-0.62128
9.33,-0.6524
9.34,-0.68299
9.35,-0.71301
9.36,-0.74241
9.37,-0.77116
9.38,-0.79922
9.39,-0.82655
9.4,-0.85309
9.41,-0.87883
9.42,-0.9037
9.43,-0.92768
9.44,-0.95071
9.45,-0.97277
9.46,-0.99381
9.47,-1.0138
9.48,-1.0327
9.49,-1.0504
9.5,-1.0669
9.51,-1.0823
9.52,-1.0963
9.53,-1.1091
9.54,-1.1205
9.55,-1.1305
9.56,-1.1391
9.57,-1.1462
9.58,-1.1518
9.59,-1.1558
9.6,-1.1583
9.61,-1.1591
9.62,-1.1588
9.63,-1.1577
9.64,-1.1559
9.65,-1.1534
9.66,-1.1502
9.67,-1.1463
9.68,-1.1418
9.69,-1.1367
9.7,-1.1309
9.71,-1.1245
9.72,-1.1175
9.73,-1.1099
9.74,-1.1017
9.75,-1.093
9.76,-1.0837
9.77,-1.074
9.78,-1.0636
9.79,-1.0528
9.8,-1.0415
9.81,-1.0297
9.82,-1.0175
9.83,-1.0048
9.84,-0.99163
9.85,-0.97808
9.86,-0.96411
9.87,-0.94976
9.88,-0.93502
9.89,-0.91991
9.9,-0.90446
9.91,-0.88866
9.92,-0.87254
9.93,-0.85611
9.94,-0.83939
9.95,-0.82238
9.96,-0.8051
9.97,-0.78756
9.98,-0.76978
9.99,-0.75178
10,-0.73356
10.01,-0.71514
10.02,-0.69653
10.03,-0.67775
10.04,-0.65882
10.05,-0.63973
10.06,-0.62052
10.07,-0.60119
10.08,-0.58175
10.09,-0.56223
10.1,-0.54263
10.11,-0.52296
10.12,-0.50325
10.13,-0.4835
10.14,-0.46374
10.15,-0.44396
10.16,-0.4242
10.17,-0.40445
10.18,-0.38474
10.19,-0.36508
10.2,-0.34547
10.21,-0.32595
10.22,-0.30651
10.23,-0.28718
10.24,-0.26797
10.25,-0.24888
10.26,-0.22995
10.27,-0.21117
10.28,-0.19256
10.29,-0.17414
10.3,-0.15592
10.31,-0.13792
10.32,-0.12014
10.33,-0.1026
10.34,-0.085324
10.35,-0.068313
10.36,-0.051586
10.37,-0.035156
10.38,-0.019037
10.39,-0.0032426
10.4,0.012213
10.41,0.027317
10.42,0.042054
10.43,0.056412
10.44,0.070376
10.45,0.083932
10.46,0.097066
10.47,0.10977
10.48,0.12202
10.49,0.1338
10.5,0.14511
10.51,0.15593
10.52,0.16625
10.53,0.17605
10.54,0.18531
10.55,0.19403
10.56,0.20219
10.57,0.20978
10.58,0.21678
10.59,0.22318
10.6,0.22896
10.61,0.23412
10.62,0.23863
10.63,0.24249
10.64,0.24567
10.65,0.24817
10.66,0.24998
10.67,0.25107
10.68,0.25144
10.69,0.25067
10.7,0.24837
10.71,0.24461
10.72,0.2394
10.73,0.2328
10.74,0.22484
10.75,0.21557
10.76,0.20503
10.77,0.19326
10.78,0.1803
10.79,0.16618
10.8,0.15096
10.81,0.13468
10.82,0.11736
10.83,0.099064
10.84,0.079821
10.85,0.059676
10.86,0.038668
10.87,0.016839
10.88,-0.0057689
10.89,-0.029116
10.9,-0.053161
10.91,-0.077862
10.92,-0.10318
10.93,-0.12907
10.94,-0.1555
10.95,-0.18241
10.96,-0.20978
10.97,-0.23756
10.98,-0.26571
10.99,-0.29419
11,-0.32296
11.01,-0.35197
11.02,-0.38118
11.03,-0.41056
11.04,-0.44007
11.05,-0.46965
11.06,-0.49928
11.07,-0.52891
11.08,-0.55849
11.09,-0.588
11.1,-0.61738
11.11,-0.64659
11.12,-0.6756
11.13,-0.70437
11.14,-0.73285
11.15,-0.761
11.16,-0.78878
11.17,-0.81615
11.18,-0.84306
11.19,-0.86949
11.2,-0.89538
11.21,-0.9207
11.22,-0.9454
11.23,-0.96944
11.24,-0.99279
11.25,-1.0154
11.26,-1.0372
11.27,-1.0582
11.28,-1.0784
11.29,-1.0976
11.3,-1.1159
11.31,-1.1332
11.32,-1.1495
11.33,-1.1647
11.34,-1.1789
11.35,-1.1918
11.36,-1.2036
11.37,-1.2141
11.38,-1.2234
11.39,-1.2314
11.4,-1.238
11.41,-1.2432
11.42,-1.2469
11.43,-1.2492
11.44,-1.25
11.45,-1.2493
11.46,-1.2473
11.47,-1.244
11.48,-1.2394
11.49,-1.2336
11.5,-1.2266
11.51,-1.2185
11.52,-1.2093
11.53,-1.1991
11.54,-1.1878
11.55,-1.1756
11.56,-1.1625
11.57,-1.1484
11.58,-1.1336
11.59,-1.1179
11.6,-1.1014
11.61,-1.0843
11.62,-1.0664
11.63,-1.0479
11.64,-1.0289
11.65,-1.0092
11.66,-0.98906
11.67,-0.96843
11.68,-0.94737
11.69,-0.92592
11.7,-0.90412
11.71,-0.882
11.72,-0.85963
11.73,-0.83702
11.74,-0.81423
11.75,-0.79129
11.76,-0.76825
11.77,-0.74515
11.78,-0.72203
11.79,-0.69893
11.8,-0.67589
11.81,-0.65296
11.82,-0.63017
11.83,-0.60756
11.84,-0.58518
11.85,-0.56307
11.86,-0.54127
11.87,-0.51982
11.88,-0.49875
11.89,-0.47813
11.9,-0.45797
11.91,-0.43833
11.92,-0.41925
11.93,-0.40077
11.94,-0.38292
11.95,-0.36575
11.96,-0.34931
11.97,-0.33362
11.98,-0.31875
11.99,-0.30471
12,-0.29156
12.01,-0.27934
12.02,-0.26809
12.03,-0.25784
12.04,-0.24865
12.05,-0.24055
12.06,-0.23358
12.07,-0.22779
12.08,-0.22321
12.09,-0.21989
12.1,-0.21787
12.11,-0.21719
12.12,-0.2176
12.13,-0.21879
12.14,-0.2207
12.15,-0.22329
12.16,-0.22648
12.17,-0.23022
12.18,-0.23445
12.19,-0.23912
12.2,-0.24416
12.21,-0.24953
12.22,-0.25515
12.23,-0.26098
12.24,-0.26695
12.25,-0.27301
12.26,-0.27909
12.27,-0.28515
12.28,-0.29112
12.29,-0.29695
12.3,-0.30257
12.31,-0.30793
12.32,-0.31298
12.33,-0.31765
12.34,-0.32188
12.35,-0.32562
12.36,-0.32881
12.37,-0.33139
12.38,-0.33331
12.39,-0.3345
12.4,-0.33491
12.41,-0.3341
12.42,-0.33168
12.43,-0.32773
12.44,-0.32228
12.45,-0.31539
12.46,-0.30712
12.47,-0.29751
12.48,-0.28662
12.49,-0.2745
12.5,-0.2612
12.51,-0.24678
12.52,-0.23129
12.53,-0.21477
12.54,-0.19728
12.55,-0.17888
12.56,-0.15962
12.57,-0.13954
12.58,-0.11871
12.59,-0.097169
12.6,-0.074974
12.61,-0.052177
12.62,-0.028831
12.63,-0.0049875
12.64,0.019301
12.65,0.043982
12.66,0.069003
12.67,0.094312
12.68,0.11986
12.69,0.14558
12.7,0.17144
12.71,0.19738
12.72,0.22334
12.73,0.24928
12.74,0.27514
12.75,0.30087
12.76,0.32641
12.77,0.35172
12.78,0.37674
12.79,0.40142
12.8,0.42571
12.81,0.44955
12.82,0.4729
12.83,0.4957
12.84,0.51789
12.85,0.53943
12.86,0.56027
12.87,0.58034
12.88,0.59961
12.89,0.61801
12.9,0.63549
12.91,0.65201
12.92,0.6675
12.93,0.68193
12.94,0.69522
12.95,0.70734
12.96,0.71824
12.97,0.72784
12.98,0.73612
12.99,0.743
13,0.74845
13.01,0.75241
13.02,0.75482
13.03,0.75563
13.04,0.75437
13.05,0.75062
13.06,0.74449
13.07,0.73605
13.08,0.72539
13.09,0.71261
13.1,0.69778
13.11,0.681
13.12,0.66235
13.13,0.64192
13.14,0.61979
13.15,0.59605
13.16,0.5708
13.17,0.54411
13.18,0.51607
13.19,0.48677
13.2,0.4563
13.21,0.42474
13.22,0.39218
13.23,0.35871
13.24,0.32442
13.25,0.28938
13.26,0.25369
13.27,0.21744
13.28,0.18071
13.29,0.14359
13.3,0.10617
13.31,0.068523
13.32,0.03075
13.33,-0.0070658
13.34,-0.044839
13.35,-0.082481
13.36,-0.11991
13.37,-0.15703
13.38,-0.19376
13.39,-0.23001
13.4,-0.2657
13.41,-0.30073
13.42,-0.33503
13.43,-0.3685
13.44,-0.40105
13.45,-0.43261
13.46,-0.46308
13.47,-0.49238
13.48,-0.52042
13.49,-0.54711
13.5,-0.57237
13.51,-0.5961
13.52,-0.61823
13.53,-0.63867
13.54,-0.65732
13.55,-0.6741
13.56,-0.68893
13.57,-0.70171
13.58,-0.71236
13.59,-0.7208
13.6,-0.72694
13.61,-0.73068
13.62,-0.73195
13.63,-0.73048
13.64,-0.72615
13.65,-0.71904
13.66,-0.70925
13.67,-0.69688
13.68,-0.68202
13.69,-0.66478
13.7,-0.64523
13.71,-0.62349
13.72,-0.59964
13.73,-0.57379
13.74,-0.54602
13.75,-0.51643
13.76,-0.48513
13.77,-0.45219
13.78,-0.41773
13.79,-0.38183
13.8,-0.3446
13.81,-0.30612
13.82,-0.26649
13.83,-0.22581
13.84,-0.18417
13.85,-0.14167
13.86,-0.098412
13.87,-0.05448
13.88,-0.0099744
13.89,0.03501
13.9,0.080376
13.91,0.12603
13.92,0.17187
13.93,0.21781
13.94,0.26376
13.95,0.3096
13.96,0.35525
13.97,0.40062
13.98,0.4456
13.99,0.49011
14,0.53404
14.01,0.5773
14.02,0.6198
14.03,0.66144
14.04,0.70212
14.05,0.74175
14.06,0.78023
14.07,0.81746
14.08,0.85336
14.09,0.88782
14.1,0.92076
14.11,0.95206
14.12,0.98165
14.13,1.0094
14.14,1.0353
14.15,1.0591
14.16,1.0809
14.17,1.1004
14.18,1.1177
14.19,1.1325
14.2,1.1449
14.21,1.1547
14.22,1.1618
14.23,1.1661
14.24,1.1676
14.25,1.1661
14.26,1.1619
14.27,1.155
14.28,1.1454
14.29,1.1333
14.3,1.1188
14.31,1.102
14.32,1.0829
14.33,1.0616
14.34,1.0383
14.35,1.013
14.36,0.98581
14.37,0.95684
14.38,0.92617
14.39,0.89389
14.4,0.8601
14.41,0.82489
14.42,0.78834
14.43,0.75056
14.44,0.71163
14.45,0.67164
14.46,0.63069
14.47,0.58886
14.48,0.54626
14.49,0.50297
14.5,0.45908
14.51,0.41468
14.52,0.36987
14.53,0.32475
14.54,0.27939
14.55,0.23389
14.56,0.18835
14.57,0.14285
14.58,0.097495
14.59,0.052367
14.6,0.0075594
14.61,-0.036835
14.62,-0.080724
14.63,-0.12402
14.64,-0.16662
14.65,-0.20844
14.66,-0.2494
14.67,-0.28938
14.68,-0.32832
14.69,-0.3661
14.7,-0.40265
14.71,-0.43786
14.72,-0.47165
14.73,-0.50393
14.74,-0.5346
14.75,-0.56357
14.76,-0.59075
14.77,-0.61605
14.78,-0.63937
14.79,-0.66063
14.8,-0.67974
14.81,-0.69659
14.82,-0.7111
14.83,-0.72318
14.84,-0.73274
14.85,-0.73968
14.86,-0.74391
14.87,-0.74534
14.88,-0.7441
14.89,-0.74045
14.9,-0.73449
14.91,-0.72631
14.92,-0.71602
14.93,-0.70369
14.94,-0.68944
14.95,-0.67336
14.96,-0.65554
14.97,-0.63608
14.98,-0.61508
14.99,-0.59264
15,-0.56884
15.01,-0.54379
15.02,-0.51759
15.03,-0.49032
15.04,-0.46209
15.05,-0.43299
15.06,-0.40313
15.07,-0.37258
15.08,-0.34146
15.09,-0.30986
15.1,-0.27787
15.11,-0.24559
15.12,-0.21312
15.13,-0.18055
15.14,-0.14798
15.15,-0.11551
15.16,-0.083232
15.17,-0.051242
15.18,-0.019639
15.19,0.011483
15.2,0.042027
15.21,0.071895
15.22,0.10099
15.23,0.12922
15.24,0.15649
15.25,0.18269
15.26,0.20774
15.27,0.23154
15.28,0.25398
15.29,0.27498
15.3,0.29444
15.31,0.31226
15.32,0.32834
15.33,0.34259
15.34,0.35492
15.35,0.36521
15.36,0.37339
15.37,0.37935
15.38,0.383
15.39,0.38424
15.4,0.38304
15.41,0.37952
15.42,0.37374
15.43,0.3658
15.44,0.35577
15.45,0.34373
15.46,0.32977
15.47,0.31397
15.48,0.29641
15.49,0.27717
15.5,0.25633
15.51,0.23399
15.52,0.21021
15.53,0.18508
15.54,0.15868
15.55,0.13109
15.56,0.1024
15.57,0.072687
15.58,0.042033
15.59,0.010519
15.6,-0.021772
15.61,-0.054759
15.62,-0.08836
15.63,-0.12249
15.64,-0.15708
15.65,-0.19203
15.66,-0.22726
15.67,-0.26271
15.68,-0.29827
15.69,-0.33388
15.7,-0.36944
15.71,-0.40488
15.72,-0.44012
15.73,-0.47507
15.74,-0.50965
15.75,-0.54379
15.76,-0.57739
15.77,-0.61037
15.78,-0.64266
15.79,-0.67418
15.8,-0.70483
15.81,-0.73455
15.82,-0.76324
15.83,-0.79082
15.84,-0.81722
15.85,-0.84235
15.86,-0.86613
15.87,-0.88848
15.88,-0.90931
15.89,-0.92855
15.9,-0.94611
15.91,-0.96191
15.92,-0.97587
15.93,-0.98791
15.94,-0.99794
15.95,-1.0059
15.96,-1.0117
15.97,-1.0152
15.98,-1.0164
15.99,-1.0152
16,-1.0117
16.01,-1.0059
16.02,-0.998
16.03,-0.98795
16.04,-0.97587
16.05,-0.96183
16.06,-0.94589
16.07,-0.92813
16.08,-0.90862
16.09,-0.88743
16.1,-0.86463
16.11,-0.8403
16.12,-0.8145
16.13,-0.78731
16.14,-0.75879
16.15,-0.72903
16.16,-0.69809
16.17,-0.66604
16.18,-0.63295
16.19,-0.5989
16.2,-0.56396
16.21,-0.52819
16.22,-0.49167
16.23,-0.45448
16.24,-0.41668
16.25,-0.37834
16.26,-0.33954
16.27,-0.30034
16.28,-0.26083
16.29,-0.22106
16.3,-0.18112
16.31,-0.14106
16.32,-0.10098
16.33,-0.060924
16.34,-0.020979
16.35,0.018787
16.36,0.058303
16.37,0.097498
16.38,0.1363
16.39,0.17464
16.4,0.21244
16.41,0.24963
16.42,0.28615
16.43,0.32191
16.44,0.35686
16.45,0.39091
16.46,0.42399
16.47,0.45604
16.48,0.48699
16.49,0.51675
16.5,0.54526
16.51,0.57246
16.52,0.59825
16.53,0.62259
16.54,0.64539
16.55,0.66658
16.56,0.68609
16.57,0.70385
16.58,0.71979
16.59,0.73383
16.6,0.74591
16.61,0.75596
16.62,0.76389
16.63,0.76965
16.64,0.77316
16.65,0.77434
16.66,0.77356
16.67,0.77126
16.68,0.76751
16.69,0.76237
16.7,0.75592
16.71,0.74821
16.72,0.73931
16.73,0.72928
16.74,0.71821
16.75,0.70614
16.76,0.69315
16.77,0.6793
16.78,0.66466
16.79,0.64929
16.8,0.63326
16.81,0.61664
16.82,0.59949
16.83,0.58188
16.84,0.56387
16.85,0.54553
16.86,0.52693
16.87,0.50813
16.88,0.4892
16.89,0.4702
16.9,0.4512
16.91,0.43227
16.92,0.41347
16.93,0.39486
16.94,0.37653
16.95,0.35852
16.96,0.34091
16.97,0.32376
16.98,0.30713
16.99,0.29111
17,0.27574
17.01,0.2611
17.02,0.24725
17.03,0.23426
17.04,0.22219
17.05,0.21111
17.06,0.20109
17.07,0.19219
17.08,0.18448
17.09,0.17802
17.1,0.17288
17.11,0.16913
17.12,0.16683
17.13,0.16605
17.14,0.16675
17.15,0.16881
17.16,0.17218
17.17,0.17678
17.18,0.18257
17.19,0.18948
17.2,0.19746
17.21,0.20645
17.22,0.21638
17.23,0.22719
17.24,0.23884
17.25,0.25126
17.26,0.26438
17.27,0.27816
17.28,0.29253
17.29,0.30743
17.3,0.3228
17.31,0.33859
17.32,0.35474
17.33,0.37118
17.34,0.38785
17.35,0.40471
17.36,0.42168
17.37,0.43871
17.38,0.45574
17.39,0.47271
17.4,0.48957
17.41,0.50624
17.42,0.52268
17.43,0.53883
17.44,0.55462
17.45,0.56999
17.46,0.58489
17.47,0.59926
17.48,0.61304
17.49,0.62616
17.5,0.63858
17.51,0.65023
17.52,0.66104
17.53,0.67098
17.54,0.67996
17.55,0.68794
17.56,0.69485
17.57,0.70064
17.58,0.70525
17.59,0.70861
17.6,0.71067
17.61,0.71137
17.62,0.71042
17.63,0.70762
17.64,0.70302
17.65,0.6967
17.66,0.68871
17.67,0.67911
17.68,0.66798
17.69,0.65536
17.7,0.64134
17.71,0.62596
17.72,0.60929
17.73,0.59139
17.74,0.57233
17.75,0.55218
17.76,0.53098
17.77,0.50881
17.78,0.48573
17.79,0.46179
17.8,0.43708
17.81,0.41164
17.82,0.38554
17.83,0.35884
17.84,0.3316
17.85,0.3039
17.86,0.27579
17.87,0.24733
17.88,0.21859
17.89,0.18962
17.9,0.1605
17.91,0.13129
17.92,0.10205
17.93,0.072833
17.94,0.043713
17.95,0.014751
17.96,-0.01399
17.97,-0.042449
17.98,-0.070563
17.99,-0.098267
18,-0.1255
18.01,-0.1522
18.02,-0.1783
18.03,-0.20374
18.04,-0.22846
18.05,-0.25239
18.06,-0.27547
18.07,-0.29764
18.08,-0.31884
18.09,-0.339
18.1,-0.35805
18.11,-0.37595
18.12,-0.39262
18.13,-0.408
18.14,-0.42203
18.15,-0.43464
18.16,-0.44577
18.17,-0.45537
18.18,-0.46336
18.19,-0.46968
18.2,-0.47428
18.21,-0.47708
18.22,-0.47803
18.23,-0.47689
18.24,-0.47352
18.25,-0.46799
18.26,-0.46038
18.27,-0.45076
18.28,-0.4392
18.29,-0.42579
18.3,-0.41059
18.31,-0.39368
18.32,-0.37513
18.33,-0.35502
18.34,-0.33342
18.35,-0.31041
18.36,-0.28606
18.37,-0.26045
18.38,-0.23364
18.39,-0.20572
18.4,-0.17676
18.41,-0.14683
18.42,-0.11601
18.43,-0.084367
18.44,-0.051983
18.45,-0.01893
18.46,0.014718
18.47,0.048888
18.48,0.083503
18.49,0.11849
18.5,0.15378
18.51,0.18928
18.52,0.22494
18.53,0.26067
18.54,0.2964
18.55,0.33206
18.56,0.36757
18.57,0.40285
18.58,0.43784
18.59,0.47246
18.6,0.50663
18.61,0.54027
18.62,0.57333
18.63,0.60571
18.64,0.63735
18.65,0.66817
18.66,0.6981
18.67,0.72706
18.68,0.75498
18.69,0.78179
18.7,0.8074
18.71,0.83175
18.72,0.85476
18.73,0.87636
18.74,0.89647
18.75,0.91502
18.76,0.93193
18.77,0.94713
18.78,0.96055
18.79,0.9721
18.8,0.98172
18.81,0.98933
18.82,0.99486
18.83,0.99824
18.84,0.99938
18.85,0.99832
18.86,0.99519
18.87,0.99008
18.88,0.98305
18.89,0.97418
18.9,0.96356
18.91,0.95125
18.92,0.93734
18.93,0.92189
18.94,0.90499
18.95,0.88671
18.96,0.86713
18.97,0.84633
18.98,0.82438
18.99,0.80135
19,0.77734
19.01,0.7524
19.02,0.72662
19.03,0.70008
19.04,0.67285
19.05,0.645
19.06,0.61662
19.07,0.58778
19.08,0.55856
19.09,0.52903
19.1,0.49927
19.11,0.46936
19.12,0.43938
19.13,0.40939
19.14,0.37948
19.15,0.34972
19.16,0.32019
19.17,0.29097
19.18,0.26213
19.19,0.23375
19.2,0.20591
19.21,0.17868
19.22,0.15213
19.23,0.12635
19.24,0.10142
19.25,0.0774
19.26,0.054377
19.27,0.032425
19.28,0.011622
19.29,-0.0079575
19.3,-0.026236
19.31,-0.043136
19.32,-0.058582
19.33,-0.072498
19.34,-0.084807
19.35,-0.095432
19.36,-0.1043
19.37,-0.11132
19.38,-0.11644
19.39,-0.11956
19.4,-0.12062
19.41,-0.1195
19.42,-0.11617
19.43,-0.11073
19.44,-0.10325
19.45,-0.093807
19.46,-0.082487
19.47,-0.069369
19.48,-0.054532
19.49,-0.038056
19.5,-0.02002
19.51,-0.00050619
19.52,0.020407
19.53,0.04264
19.54,0.066111
19.55,0.090743
19.56,0.11645
19.57,0.14316
19.58,0.17079
19.59,0.19926
19.6,0.22849
19.61,0.2584
19.62,0.2889
19.63,0.31993
19.64,0.3514
19.65,0.38322
19.66,0.41533
19.67,0.44764
19.68,0.48006
19.69,0.51253
19.7,0.54495
19.71,0.57726
19.72,0.60937
19.73,0.64119
19.74,0.67266
19.75,0.70369
19.76,0.73419
19.77,0.7641
19.78,0.79333
19.79,0.8218
19.8,0.84943
19.81,0.87614
19.82,0.90185
19.83,0.92648
19.84,0.94995
19.85,0.97218
19.86,0.9931
19.87,1.0126
19.88,1.0306
19.89,1.0471
19.9,1.062
19.91,1.0751
19.92,1.0864
19.93,1.0958
19.94,1.1033
19.95,1.1088
19.96,1.1121
19.97,1.1132
19.98,1.112
19.99,1.1083
20,1.1022
20.01,1.0939
20.02,1.0834
20.03,1.0707
20.04,1.0559
20.05,1.0391
20.06,1.0205
20.07,0.99994
20.08,0.97765
20.09,0.95365
20.1,0.92803
20.11,0.90086
20.12,0.87221
20.13,0.84215
20.14,0.81077
20.15,0.77813
20.16,0.74431
20.17,0.70938
20.18,0.67342
20.19,0.6365
20.2,0.59869
20.21,0.56006
20.22,0.5207
20.23,0.48068
20.24,0.44006
20.25,0.39892
20.26,0.35735
20.27,0.3154
20.28,0.27316
20.29,0.23069
20.3,0.18808
20.31,0.1454
20.32,0.10271
20.33,0.0601
20.34,0.017637
20.35,-0.024606
20.36,-0.066552
20.37,-0.10813
20.38,-0.14926
20.39,-0.18988
20.4,-0.22991
20.41,-0.26927
20.42,-0.30789
20.43,-0.3457
20.44,-0.38262
20.45,-0.41859
20.46,-0.45352
20.47,-0.48734
20.48,-0.51998
20.49,-0.55136
20.5,-0.58141
20.51,-0.61006
20.52,-0.63723
20.53,-0.66286
20.54,-0.68685
20.55,-0.70915
20.56,-0.72967
20.57,-0.74835
20.58,-0.76511
20.59,-0.77987
20.6,-0.79256
20.61,-0.80311
20.62,-0.81145
20.63,-0.81749
20.64,-0.82117
20.65,-0.82242
20.66,-0.82136
20.67,-0.81822
20.68,-0.81308
20.69,-0.80601
20.7,-0.79706
20.71,-0.78631
20.72,-0.77382
20.73,-0.75967
20.74,-0.74392
20.75,-0.72664
20.76,-0.7079
20.77,-0.68776
20.78,-0.6663
20.79,-0.64358
20.8,-0.61967
20.81,-0.59464
20.82,-0.56855
20.83,-0.54148
20.84,-0.51349
20.85,-0.48465
20.86,-0.45502
20.87,-0.42469
20.88,-0.3937
20.89,-0.36214
20.9,-0.33007
20.91,-0.29756
20.92,-0.26467
20.93,-0.23148
20.94,-0.19805
20.95,-0.16445
20.96,-0.13074
20.97,-0.097005
20.98,-0.063302
20.99,-0.029701
21,0.0037307
21.01,0.036924
21.02,0.069811
21.03,0.10232
21.04,0.1344
21.05,0.16596
21.06,0.19694
21.07,0.22728
21.08,0.2569
21.09,0.28574
21.1,0.31373
21.11,0.3408
21.12,0.36689
21.13,0.39192
21.14,0.41583
21.15,0.43855
21.16,0.46002
21.17,0.48015
21.18,0.49889
21.19,0.51617
21.2,0.53192
21.21,0.54607
21.22,0.55856
21.23,0.56931
21.24,0.57826
21.25,0.58534
21.26,0.59048
21.27,0.59361
21.28,0.59467
21.29,0.59379
21.3,0.59118
21.31,0.5869
21.32,0.58098
21.33,0.57349
21.34,0.56446
21.35,0.55394
21.36,0.54199
21.37,0.52866
21.38,0.51399
21.39,0.49802
21.4,0.48082
21.41,0.46242
21.42,0.44289
21.43,0.42225
21.44,0.40057
21.45,0.3779
21.46,0.35427
21.47,0.32974
21.48,0.30437
21.49,0.27819
21.5,0.25125
21.51,0.22361
21.52,0.19532
21.53,0.16641
21.54,0.13695
21.55,0.10697
21.56,0.076535
21.57,0.045684
21.58,0.014469
21.59,-0.017063
21.6,-0.048863
21.61,-0.080882
21.62,-0.11307
21.63,-0.14538
21.64,-0.17776
21.65,-0.21017
21.66,-0.24256
21.67,-0.27487
21.68,-0.30705
21.69,-0.33907
21.7,-0.37087
21.71,-0.4024
21.72,-0.43362
21.73,-0.46447
21.74,-0.49491
21.75,-0.52488
21.76,-0.55435
21.77,-0.58325
21.78,-0.61155
21.79,-0.63919
21.8,-0.66612
21.81,-0.6923
21.82,-0.71768
21.83,-0.74221
21.84,-0.76583
21.85,-0.78851
21.86,-0.81019
21.87,-0.83082
21.88,-0.85036
21.89,-0.86876
21.9,-0.88596
21.91,-0.90192
21.92,-0.91659
21.93,-0.92993
21.94,-0.94188
21.95,-0.95239
21.96,-0.96142
21.97,-0.96892
21.98,-0.97483
21.99,-0.97912
22,-0.98173
22.01,-0.98261
22.02,-0.98204
22.03,-0.98035
22.04,-0.97757
22.05,-0.97373
22.06,-0.96887
22.07,-0.963
22.08,-0.95616
22.09,-0.94838
22.1,-0.93968
22.11,-0.9301
22.12,-0.91967
22.13,-0.90841
22.14,-0.89636
22.15,-0.88354
22.16,-0.86999
22.17,-0.85573
22.18,-0.84079
22.19,-0.82521
22.2,-0.80901
22.21,-0.79221
22.22,-0.77486
22.23,-0.75698
22.24,-0.7386
22.25,-0.71975
22.26,-0.70045
22.27,-0.68074
22.28,-0.66066
22.29,-0.64021
22.3,-0.61945
22.31,-0.59839
22.32,-0.57706
22.33,-0.5555
22.34,-0.53373
22.35,-0.51179
22.36,-0.48969
22.37,-0.46748
22.38,-0.44519
22.39,-0.42283
22.4,-0.40044
22.41,-0.37806
22.42,-0.3557
22.43,-0.3334
22.44,-0.3112
22.45,-0.2891
22.46,-0.26716
22.47,-0.24539
22.48,-0.22383
22.49,-0.2025
22.5,-0.18144
22.51,-0.16068
22.52,-0.14023
22.53,-0.12014
22.54,-0.10044
22.55,-0.081144
22.56,-0.062291
22.57,-0.043909
22.58,-0.026028
22.59,-0.0086766
22.6,0.0081153
22.61,0.024318
22.62,0.039903
22.63,0.05484
22.64,0.0691
22.65,0.082653
22.66,0.09547
22.67,0.10752
22.68,0.11878
22.69,0.12921
22.7,0.13879
22.71,0.14749
22.72,0.15527
22.73,0.16211
22.74,0.16798
22.75,0.17284
22.76,0.17668
22.77,0.17946
22.78,0.18115
22.79,0.18172
22.8,0.18128
22.81,0.17997
22.82,0.17782
22.83,0.17485
22.84,0.17107
22.85,0.16652
22.86,0.16122
22.87,0.15517
22.88,0.14842
22.89,0.14097
22.9,0.13286
22.91,0.1241
22.92,0.11472
22.93,0.10473
22.94,0.094158
22.95,0.08303
22.96,0.071365
22.97,0.059184
22.98,0.04651
22.99,0.033365
23,0.01977
23.01,0.0057484
23.02,-0.0086794
23.03,-0.023491
23.04,-0.038664
23.05,-0.054177
23.06,-0.070008
23.07,-0.086135
23.08,-0.10254
23.09,-0.11919
23.1,-0.13607
23.11,-0.15316
23.12,-0.17044
23.13,-0.18788
23.14,-0.20547
23.15,-0.22317
23.16,-0.24098
23.17,-0.25886
23.18,-0.27679
23.19,-0.29476
23.2,-0.31274
23.21,-0.33071
23.22,-0.34865
23.23,-0.36653
23.24,-0.38433
23.25,-0.40204
23.26,-0.41962
23.27,-0.43706
23.28,-0.45434
23.29,-0.47143
23.3,-0.48831
23.31,-0.50497
23.32,-0.52137
23.33,-0.5375
23.34,-0.55333
23.35,-0.56884
23.36,-0.58401
23.37,-0.59882
23.38,-0.61325
23.39,-0.62727
23.4,-0.64087
23.41,-0.65401
23.42,-0.66669
23.43,-0.67887
23.44,-0.69053
23.45,-0.70166
23.46,-0.71223
23.47,-0.72222
23.48,-0.7316
23.49,-0.74036
23.5,-0.74848
23.51,-0.75592
23.52,-0.76268
23.53,-0.76872
23.54,-0.77403
23.55,-0.77858
23.56,-0.78235
23.57,-0.78532
23.58,-0.78747
23.59,-0.78878
23.6,-0.78922
23.61,-0.78867
23.62,-0.78704
23.63,-0.78436
23.64,-0.78066
23.65,-0.77596
23.66,-0.7703
23.67,-0.7637
23.68,-0.75619
23.69,-0.74779
23.7,-0.73855
23.71,-0.72848
23.72,-0.71762
23.73,-0.70599
23.74,-0.69362
23.75,-0.68054
23.76,-0.66678
23.77,-0.65237
23.78,-0.63733
23.79,-0.62169
23.8,-0.60549
23.81,-0.58874
23.82,-0.57149
23.83,-0.55375
23.84,-0.53555
23.85,-0.51693
23.86,-0.49792
23.87,-0.47853
23.88,-0.4588
23.89,-0.43876
23.9,-0.41844
23.91,-0.39786
23.92,-0.37705
23.93,-0.35604
23.94,-0.33487
23.95,-0.31355
23.96,-0.29211
23.97,-0.2706
23.98,-0.24902
23.99,-0.22742
24,-0.20582
24.01,-0.18424
24.02,-0.16272
24.03,-0.14129
24.04,-0.11997
24.05,-0.098795
24.06,-0.077789
24.07,-0.056982
24.08,-0.036401
24.09,-0.016077
24.1,0.0039633
24.11,0.023691
24.12,0.043078
24.13,0.062095
24.14,0.080715
24.15,0.098908
24.16,0.11665
24.17,0.1339
24.18,0.15065
24.19,0.16685
24.2,0.18249
24.21,0.19753
24.22,0.21194
24.23,0.2257
24.24,0.23878
24.25,0.25115
24.26,0.26278
24.27,0.27365
24.28,0.28371
24.29,0.29296
24.3,0.30135
24.31,0.30886
24.32,0.31546
24.33,0.32112
24.34,0.32582
24.35,0.32952
24.36,0.3322
24.37,0.33383
24.38,0.33438
24.39,0.33374
24.4,0.33184
24.41,0.32871
24.42,0.3244
24.43,0.31895
24.44,0.31238
24.45,0.30475
24.46,0.29609
24.47,0.28643
24.48,0.27582
24.49,0.2643
24.5,0.25189
24.51,0.23864
24.52,0.2246
24.53,0.20978
24.54,0.19425
24.55,0.17802
24.56,0.16115
24.57,0.14366
24.58,0.1256
24.59,0.10701
24.6,0.087923
24.61,0.068376
24.62,0.048408
24.63,0.028059
24.64,0.0073657
24.65,-0.013633
24.66,-0.034899
24.67,-0.056394
24.68,-0.07808
24.69,-0.099919
24.7,-0.12187
24.71,-0.1439
24.72,-0.16597
24.73,-0.18804
24.74,-0.21007
24.75,-0.23202
24.76,-0.25386
24.77,-0.27555
24.78,-0.29704
24.79,-0.31831
24.8,-0.33931
24.81,-0.36
24.82,-0.38035
24.83,-0.40032
24.84,-0.41986
24.85,-0.43895
24.86,-0.45755
24.87,-0.4756
24.88,-0.49309
24.89,-0.50996
24.9,-0.52619
24.91,-0.54172
24.92,-0.55654
24.93,-0.57058
24.94,-0.58383
24.95,-0.59624
24.96,-0.60776
24.97,-0.61837
24.98,-0.62803
24.99,-0.63669
25,-0.64432
25.01,-0.65089
25.02,-0.65634
25.03,-0.66065
25.04,-0.66378
25.05,-0.66568
25.06,-0.66632
25.07,-0.66567
25.08,-0.66374
25.09,-0.66058
25.1,-0.65626
25.11,-0.65081
25.12,-0.64429
25.13,-0.63674
25.14,-0.62823
25.15,-0.6188
25.16,-0.60851
25.17,-0.5974
25.18,-0.58552
25.19,-0.57293
25.2,-0.55967
25.21,-0.54581
25.22,-0.53138
25.23,-0.51644
25.24,-0.50104
25.25,-0.48524
25.26,-0.46907
25.27,-0.45261
25.28,-0.43588
25.29,-0.41895
25.3,-0.40187
25.31,-0.38469
25.32,-0.36746
25.33,-0.35022
25.34,-0.33304
25.35,-0.31596
25.36,-0.29903
25.37,-0.28231
25.38,-0.26584
25.39,-0.24968
25.4,-0.23387
25.41,-0.21848
25.42,-0.20354
25.43,-0.18911
25.44,-0.17524
25.45,-0.16199
25.46,-0.1494
25.47,-0.13752
25.48,-0.12641
25.49,-0.11611
25.5,-0.10668
25.51,-0.098172
25.52,-0.090631
25.53,-0.08411
25.54,-0.07866
25.55,-0.074332
25.56,-0.071178
25.57,-0.069248
25.58,-0.068593
25.59,-0.069519
25.6,-0.072253
25.61,-0.076732
25.62,-0.082889
25.63,-0.090661
25.64,-0.099983
25.65,-0.11079
25.66,-0.12302
25.67,-0.1366
25.68,-0.15148
25.69,-0.16759
25.7,-0.18485
25.71,-0.20322
25.72,-0.22261
25.73,-0.24298
25.74,-0.26425
25.75,-0.28636
25.76,-0.30925
25.77,-0.33285
25.78,-0.35709
25.79,-0.38191
25.8,-0.40725
25.81,-0.43304
25.82,-0.45922
25.83,-0.48573
25.84,-0.51249
25.85,-0.53944
25.86,-0.56653
25.87,-0.59367
25.88,-0.62082
25.89,-0.64791
25.9,-0.67486
25.91,-0.70162
25.92,-0.72813
25.93,-0.75431
25.94,-0.7801
25.95,-0.80544
25.96,-0.83026
25.97,-0.8545
25.98,-0.8781
25.99,-0.90099
26,-0.9231
26.01,-0.94437
26.02,-0.96473
26.03,-0.98413
26.04,-1.0025
26.05,-1.0198
26.06,-1.0359
26.07,-1.0507
26.08,-1.0643
26.09,-1.0766
26.1,-1.0874
26.11,-1.0967
26.12,-1.1045
26.13,-1.1106
26.14,-1.1151
26.15,-1.1178
26.16,-1.1188
26.17,-1.1175
26.18,-1.1137
26.19,-1.1074
26.2,-1.0988
26.21,-1.088
26.22,-1.0749
26.23,-1.0596
26.24,-1.0423
26.25,-1.023
26.26,-1.0018
26.27,-0.97876
26.28,-0.95395
26.29,-0.92745
26.3,-0.89934
26.31,-0.86969
26.32,-0.83858
26.33,-0.80608
26.34,-0.77226
26.35,-0.73721
26.36,-0.70099
26.37,-0.66369
26.38,-0.62537
26.39,-0.58611
26.4,-0.54599
26.41,-0.50509
26.42,-0.46347
26.43,-0.42121
26.44,-0.37839
26.45,-0.33508
26.46,-0.29136
26.47,-0.2473
26.48,-0.20298
26.49,-0.15847
26.5,-0.11385
26.51,-0.069188
26.52,-0.024566
26.53,0.019943
26.54,0.064264
26.55,0.10832
26.56,0.15204
26.57,0.19535
26.58,0.23817
26.59,0.28043
26.6,0.32205
26.61,0.36296
26.62,0.40308
26.63,0.44233
26.64,0.48065
26.65,0.51796
26.66,0.55417
26.67,0.58923
26.68,0.62304
26.69,0.65554
26.7,0.68666
26.71,0.71631
26.72,0.74442
26.73,0.77092
26.74,0.79572
26.75,0.81877
26.76,0.83998
26.77,0.85927
26.78,0.87658
26.79,0.89182
26.8,0.90492
26.81,0.91581
26.82,0.92441
26.83,0.93064
26.84,0.93444
26.85,0.93572
26.86,0.93451
26.87,0.93093
26.88,0.92508
26.89,0.91702
26.9,0.90684
26.91,0.89462
26.92,0.88044
26.93,0.86439
26.94,0.84654
26.95,0.82698
26.96,0.80579
26.97,0.78305
26.98,0.75885
26.99,0.73325
27,0.70635
27.01,0.67823
27.02,0.64897
27.03,0.61864
27.04,0.58734
27.05,0.55514
27.06,0.52213
27.07,0.48838
27.08,0.45397
27.09,0.419
27.1,0.38354
27.11,0.34767
27.12,0.31148
27.13,0.27503
27.14,0.23843
27.15,0.20175
27.16,0.16506
27.17,0.12846
27.18,0.092017
27.19,0.055822
27.2,0.019952
27.21,-0.01551
27.22,-0.050482
27.23,-0.084884
27.24,-0.11863
27.25,-0.15165
27.26,-0.18385
27.27,-0.21515
27.28,-0.24547
27.29,-0.27474
27.3,-0.30286
27.31,-0.32976
27.32,-0.35535
27.33,-0.37956
27.34,-0.4023
27.35,-0.42349
27.36,-0.44305
27.37,-0.4609
27.38,-0.47695
27.39,-0.49112
27.4,-0.50334
27.41,-0.51352
27.42,-0.52158
27.43,-0.52744
27.44,-0.53102
27.45,-0.53223
27.46,-0.53128
27.47,-0.52847
27.48,-0.52388
27.49,-0.51757
27.5,-0.5096
27.51,-0.50004
27.52,-0.48895
27.53,-0.47641
27.54,-0.46248
27.55,-0.44723
27.56,-0.43071
27.57,-0.41301
27.58,-0.39417
27.59,-0.37428
27.6,-0.3534
27.61,-0.33158
27.62,-0.30891
27.63,-0.28544
27.64,-0.26124
27.65,-0.23638
27.66,-0.21093
27.67,-0.18494
27.68,-0.15849
27.69,-0.13165
27.7,-0.10447
27.71,-0.077027
27.72,-0.049385
27.73,-0.021611
27.74,0.0062287
27.75,0.034069
27.76,0.061843
27.77,0.089484
27.78,0.11693
27.79,0.1441
27.8,0.17095
27.81,0.1974
27.82,0.22339
27.83,0.24884
27.84,0.2737
27.85,0.2979
27.86,0.32137
27.87,0.34404
27.88,0.36585
27.89,0.38674
27.9,0.40663
27.91,0.42546
27.92,0.44317
27.93,0.45968
27.94,0.47494
27.95,0.48887
27.96,0.50141
27.97,0.51249
27.98,0.52205
27.99,0.53002
28,0.53634
28.01,0.54093
28.02,0.54373
28.03,0.54468
28.04,0.54399
28.05,0.54195
28.06,0.53862
28.07,0.53407
28.08,0.52835
28.09,0.52152
28.1,0.51365
28.11,0.50478
28.12,0.49499
28.13,0.48434
28.14,0.47287
28.15,0.46066
28.16,0.44775
28.17,0.43422
28.18,0.42012
28.19,0.40552
28.2,0.39046
28.21,0.37501
28.22,0.35924
28.23,0.34319
28.24,0.32694
28.25,0.31054
28.26,0.29404
28.27,0.27752
28.28,0.26103
28.29,0.24462
28.3,0.22837
28.31,0.21232
28.32,0.19655
28.33,0.1811
28.34,0.16605
28.35,0.15144
28.36,0.13734
28.37,0.12381
28.38,0.1109
28.39,0.09869
28.4,0.087224
28.41,0.076566
28.42,0.066776
28.43,0.057913
28.44,0.050038
28.45,0.04321
28.46,0.03749
28.47,0.032936
28.48,0.02961
28.49,0.02757
28.5,0.026877
28.51,0.027583
28.52,0.029661
28.53,0.033049
28.54,0.037687
28.55,0.043514
28.56,0.050469
28.57,0.058491
28.58,0.067518
28.59,0.07749
28.6,0.088347
28.61,0.10003
28.62,0.11247
28.63,0.12561
28.64,0.13939
28.65,0.15375
28.66,0.16863
28.67,0.18397
28.68,0.1997
28.69,0.21577
28.7,0.23212
28.71,0.24867
28.72,0.26538
28.73,0.28218
28.74,0.29901
28.75,0.31581
28.76,0.33252
28.77,0.34908
28.78,0.36542
28.79,0.38149
28.8,0.39722
28.81,0.41256
28.82,0.42744
28.83,0.4418
28.84,0.45558
28.85,0.46872
28.86,0.48117
28.87,0.49285
28.88,0.5037
28.89,0.51367
28.9,0.5227
28.91,0.53072
28.92,0.53768
28.93,0.5435
28.94,0.54814
28.95,0.55153
28.96,0.55361
28.97,0.55432
28.98,0.55335
28.99,0.55051
29,0.54584
29.01,0.53939
29.02,0.53124
29.03,0.52143
29.04,0.51002
29.05,0.49707
29.06,0.48264
29.07,0.46677
29.08,0.44954
29.09,0.431
29.1,0.41119
29.11,0.39019
29.12,0.36805
29.13,0.34482
29.14,0.32057
29.15,0.29534
29.16,0.2692
29.17,0.24221
29.18,0.21441
29.19,0.18588
29.2,0.15666
29.21,0.12681
29.22,0.096385
29.23,0.06545
29.24,0.034059
29.25,0.0022675
29.26,-0.029866
29.27,-0.062285
29.28,-0.094933
29.29,-0.12775
29.3,-0.16068
29.31,-0.19367
29.32,-0.22666
29.33,-0.2596
29.34,-0.29242
29.35,-0.32506
29.36,-0.35748
29.37,-0.38962
29.38,-0.42141
29.39,-0.4528
29.4,-0.48373
29.41,-0.51415
29.42,-0.544
29.43,-0.57323
29.44,-0.60176
29.45,-0.62956
29.46,-0.65655
29.47,-0.68269
29.48,-0.70792
29.49,-0.73217
29.5,-0.7554
29.51,-0.77754
29.52,-0.79854
29.53,-0.81834
29.54,-0.83689
29.55,-0.85412
29.56,-0.86998
29.57,-0.88442
29.58,-0.89737
29.59,-0.90878
29.6,-0.91859
29.61,-0.92674
29.62,-0.93319
29.63,-0.93786
29.64,-0.9407
29.65,-0.94166
29.66,-0.94086
29.67,-0.93846
29.68,-0.93452
29.69,-0.92906
29.7,-0.92214
29.71,-0.91379
29.72,-0.90404
29.73,-0.89295
29.74,-0.88055
29.75,-0.86688
29.76,-0.85197
29.77,-0.83587
29.78,-0.81863
29.79,-0.80027
29.8,-0.78084
29.81,-0.76037
29.82,-0.73891
29.83,-0.7165
29.84,-0.69318
29.85,-0.66898
29.86,-0.64395
29.87,-0.61813
29.88,-0.59155
29.89,-0.56425
29.9,-0.53628
29.91,-0.50768
29.92,-0.47848
29.93,-0.44872
29.94,-0.41845
29.95,-0.3877
29.96,-0.35651
29.97,-0.32493
29.98,-0.29299
29.99,-0.26073
30,-0.22819
30.01,-0.19542
30.02,-0.16245
30.03,-0.12931
30.04,-0.096063
30.05,-0.062732
30.06,-0.029362
30.07,0.0040081
30.08,0.037339
30.09,0.07059
30.1,0.10372
30.11,0.13669
30.12,0.16947
30.13,0.20201
30.14,0.23426
30.15,0.2662
30.16,0.29779
30.17,0.32897
30.18,0.35972
30.19,0.39
30.2,0.41975
30.21,0.44895
30.22,0.47756
30.23,0.50553
30.24,0.53282
30.25,0.5594
30.26,0.58523
30.27,0.61026
30.28,0.63446
30.29,0.65778
30.3,0.68019
30.31,0.70165
30.32,0.72211
30.33,0.74154
30.34,0.7599
30.35,0.77715
30.36,0.79325
30.37,0.80815
30.38,0.82182
30.39,0.83423
30.4,0.84532
30.41,0.85506
30.42,0.86342
30.43,0.87034
30.44,0.87579
30.45,0.87974
30.46,0.88213
30.47,0.88294
30.48,0.88229
30.49,0.88034
30.5,0.87714
30.51,0.87271
30.52,0.86708
30.53,0.86028
30.54,0.85234
30.55,0.84328
30.56,0.83315
30.57,0.82197
30.58,0.80976
30.59,0.79656
30.6,0.7824
30.61,0.7673
30.62,0.7513
30.63,0.73443
30.64,0.71672
30.65,0.69818
30.66,0.67887
30.67,0.6588
30.68,0.638
30.69,0.6165
30.7,0.59434
30.71,0.57155
30.72,0.54814
30.73,0.52416
30.74,0.49963
30.75,0.47458
30.76,0.44905
30.77,0.42305
30.78,0.39662
30.79,0.3698
30.8,0.3426
30.81,0.31507
30.82,0.28722
30.83,0.25909
30.84,0.23071
30.85,0.20211
30.86,0.17331
30.87,0.14435
30.88,0.11526
30.89,0.086064
30.9,0.056795
30.91,0.027481
30.92,-0.0018479
30.93,-0.031162
30.94,-0.060431
30.95,-0.089627
30.96,-0.11872
30.97,-0.14768
30.98,-0.17647
30.99,-0.20508
31,-0.23346
31.01,-0.26159
31.02,-0.28943
31.03,-0.31697
31.04,-0.34417
31.05,-0.37099
31.06,-0.39742
31.07,-0.42341
31.08,-0.44895
31.09,-0.474
31.1,-0.49853
31.11,-0.52251
31.12,-0.54591
31.13,-0.56871
31.14,-0.59087
31.15,-0.61237
31.16,-0.63316
31.17,-0.65323
31.18,-0.67255
31.19,-0.69108
31.2,-0.7088
31.21,-0.72567
31.22,-0.74167
31.23,-0.75677
31.24,-0.77093
31.25,-0.78413
31.26,-0.79633
31.27,-0.80752
31.28,-0.81765
31.29,-0.8267
31.3,-0.83465
31.31,-0.84145
31.32,-0.84708
31.33,-0.85151
31.34,-0.85471
31.35,-0.85665
31.36,-0.85731
31.37,-0.85642
31.38,-0.85379
31.39,-0.84948
31.4,-0.84354
31.41,-0.83604
31.42,-0.82702
31.43,-0.81655
31.44,-0.80468
31.45,-0.79147
31.46,-0.77698
31.47,-0.76126
31.48,-0.74437
31.49,-0.72637
31.5,-0.70731
31.51,-0.68726
31.52,-0.66626
31.53,-0.64438
31.54,-0.62168
31.55,-0.5982
31.56,-0.57401
31.57,-0.54917
31.58,-0.52372
31.59,-0.49774
31.6,-0.47127
31.61,-0.44437
31.62,-0.4171
31.63,-0.38952
31.64,-0.36168
31.65,-0.33364
31.66,-0.30545
31.67,-0.27719
31.68,-0.24889
31.69,-0.22062
31.7,-0.19244
31.71,-0.1644
31.72,-0.13656
31.73,-0.10898
31.74,-0.081709
31.75,-0.05481
31.76,-0.028339
31.77,-0.0023532
31.78,0.023091
31.79,0.047936
31.8,0.072125
31.81,0.095602
31.82,0.11831
31.83,0.14019
31.84,0.16118
31.85,0.18124
31.86,0.20029
31.87,0.21829
31.88,0.23518
31.89,0.2509
31.9,0.26539
31.91,0.2786
31.92,0.29047
31.93,0.30094
31.94,0.30996
31.95,0.31746
31.96,0.3234
31.97,0.32771
31.98,0.33034
31.99,0.33123
32,0.33025
32.01,0.32736
32.02,0.32263
32.03,0.31612
32.04,0.30792
32.05,0.29808
32.06,0.28667
32.07,0.27377
32.08,0.25945
32.09,0.24377
32.1,0.22681
32.11,0.20863
32.12,0.1893
32.13,0.16889
32.14,0.14748
32.15,0.12513
32.16,0.10191
32.17,0.077892
32.18,0.053144
32.19,0.027735
32.2,0.0017349
32.21,-0.024786
32.22,-0.051759
32.23,-0.079114
32.24,-0.10678
32.25,-0.13469
32.26,-0.16278
32.27,-0.19097
32.28,-0.21919
32.29,-0.24738
32.3,-0.27547
32.31,-0.30338
32.32,-0.33104
32.33,-0.3584
32.34,-0.38537
32.35,-0.41189
32.36,-0.43789
32.37,-0.4633
32.38,-0.48805
32.39,-0.51207
32.4,-0.53529
32.41,-0.55764
32.42,-0.57905
32.43,-0.59946
32.44,-0.61879
32.45,-0.63697
32.46,-0.65393
32.47,-0.66961
32.48,-0.68393
32.49,-0.69683
32.5,-0.70824
32.51,-0.71808
32.52,-0.72628
32.53,-0.73279
32.54,-0.73752
32.55,-0.74041
32.56,-0.74139
32.57,-0.74058
32.58,-0.73819
32.59,-0.73427
32.6,-0.72887
32.61,-0.72202
32.62,-0.71379
32.63,-0.70423
32.64,-0.69337
32.65,-0.68127
32.66,-0.66798
32.67,-0.65355
32.68,-0.63802
32.69,-0.62145
32.7,-0.60387
32.71,-0.58535
32.72,-0.56593
32.73,-0.54566
32.74,-0.52458
32.75,-0.50275
32.76,-0.48021
32.77,-0.45702
32.78,-0.43322
32.79,-0.40886
32.8,-0.38399
32.81,-0.35865
32.82,-0.3329
32.83,-0.30679
32.84,-0.28036
32.85,-0.25366
32.86,-0.22675
32.87,-0.19966
32.88,-0.17245
32.89,-0.14517
32.9,-0.11786
32.91,-0.090583
32.92,-0.063375
32.93,-0.036289
32.94,-0.0093723
32.95,0.017325
32.96,0.043755
32.97,0.069868
32.98,0.095616
32.99,0.12095
33,0.14582
33.01,0.17018
33.02,0.19399
33.03,0.21718
33.04,0.23972
33.05,0.26155
33.06,0.28262
33.07,0.3029
33.08,0.32232
33.09,0.34084
33.1,0.35841
33.11,0.37499
33.12,0.39052
33.13,0.40495
33.14,0.41824
33.15,0.43034
33.16,0.44119
33.17,0.45076
33.18,0.45899
33.19,0.46583
33.2,0.47124
33.21,0.47516
33.22,0.47755
33.23,0.47835
33.24,0.47796
33.25,0.47683
33.26,0.475
33.27,0.47253
33.28,0.46947
33.29,0.46587
33.3,0.46179
33.31,0.45726
33.32,0.45235
33.33,0.44711
33.34,0.44159
33.35,0.43583
33.36,0.42989
33.37,0.42383
33.38,0.41769
33.39,0.41152
33.4,0.40538
33.41,0.39931
33.42,0.39338
33.43,0.38762
33.44,0.3821
33.45,0.37685
33.46,0.37194
33.47,0.36742
33.48,0.36333
33.49,0.35973
33.5,0.35667
33.51,0.3542
33.52,0.35238
33.53,0.35124
33.54,0.35085
33.55,0.35135
33.56,0.3528
33.57,0.35515
33.58,0.35836
33.59,0.36238
33.6,0.36715
33.61,0.37262
33.62,0.37874
33.63,0.38547
33.64,0.39276
33.65,0.40054
33.66,0.40878
33.67,0.41742
33.68,0.42642
33.69,0.43571
33.7,0.44526
33.71,0.45501
33.72,0.4649
33.73,0.4749
33.74,0.48495
33.75,0.495
33.76,0.505
33.77,0.5149
33.78,0.52464
33.79,0.53419
33.8,0.54349
33.81,0.55248
33.82,0.56112
33.83,0.56936
33.84,0.57714
33.85,0.58443
33.86,0.59116
33.87,0.59728
33.88,0.60276
33.89,0.60753
33.9,0.61154
33.91,0.61475
33.92,0.61711
33.93,0.61856
33.94,0.61905
33.95,0.61785
33.96,0.61431
33.97,0.60849
33.98,0.60047
33.99,0.59031
34,0.5781
34.01,0.5639
34.02,0.54779
34.03,0.52984
34.04,0.51012
34.05,0.4887
34.06,0.46565
34.07,0.44105
34.08,0.41498
34.09,0.38749
34.1,0.35867
34.11,0.32858
34.12,0.2973
34.13,0.26491
34.14,0.23146
34.15,0.19704
34.16,0.16172
34.17,0.12557
34.18,0.088655
34.19,0.051058
34.2,0.012847
34.21,-0.025906
34.22,-0.065129
34.23,-0.10475
34.24,-0.14469
34.25,-0.18489
34.26,-0.22527
34.27,-0.26575
34.28,-0.30628
34.29,-0.34676
34.3,-0.38714
34.31,-0.42734
34.32,-0.46728
34.33,-0.5069
34.34,-0.54612
34.35,-0.58488
34.36,-0.62309
34.37,-0.66069
34.38,-0.6976
34.39,-0.73375
34.4,-0.76907
34.41,-0.80349
34.42,-0.83694
34.43,-0.86933
34.44,-0.90061
34.45,-0.9307
34.46,-0.95952
34.47,-0.98701
34.48,-1.0131
34.49,-1.0377
34.5,-1.0607
34.51,-1.0821
34.52,-1.1019
34.53,-1.1198
34.54,-1.1359
34.55,-1.1501
34.56,-1.1623
34.57,-1.1725
34.58,-1.1805
34.59,-1.1863
34.6,-1.1899
34.61,-1.1911
34.62,-1.1894
34.63,-1.1845
34.64,-1.1764
34.65,-1.1652
34.66,-1.1511
34.67,-1.1341
34.68,-1.1143
34.69,-1.092
34.7,-1.0671
34.71,-1.0398
34.72,-1.0101
34.73,-0.97824
34.74,-0.94427
34.75,-0.90828
34.76,-0.8704
34.77,-0.83072
34.78,-0.78935
34.79,-0.7464
34.8,-0.70197
34.81,-0.65617
34.82,-0.6091
34.83,-0.56087
34.84,-0.51159
34.85,-0.46135
34.86,-0.41027
34.87,-0.35845
34.88,-0.306
34.89,-0.25302
34.9,-0.19961
34.91,-0.14589
34.92,-0.091962
34.93,-0.037925
34.94,0.016111
34.95,0.070042
34.96,0.12376
34.97,0.17717
34.98,0.23015
34.99,0.2826
35,0.33442
35.01,0.3855
35.02,0.43574
35.03,0.48502
35.04,0.53325
35.05,0.58032
35.06,0.62612
35.07,0.67055
35.08,0.7135
35.09,0.75487
35.1,0.79455
35.11,0.83243
35.12,0.86841
35.13,0.90239
35.14,0.93426
35.15,0.96391
35.16,0.99123
35.17,1.0161
35.18,1.0385
35.19,1.0582
35.2,1.0752
35.21,1.0893
35.22,1.1005
35.23,1.1086
35.24,1.1136
35.25,1.1152
35.26,1.1138
35.27,1.1094
35.28,1.1022
35.29,1.0923
35.3,1.0799
35.31,1.0648
35.32,1.0474
35.33,1.0276
35.34,1.0056
35.35,0.98136
35.36,0.9551
35.37,0.92687
35.38,0.89675
35.39,0.86484
35.4,0.83124
35.41,0.79603
35.42,0.7593
35.43,0.72115
35.44,0.68167
35.45,0.64095
35.46,0.59909
35.47,0.55616
35.48,0.51228
35.49,0.46752
35.5,0.42198
35.51,0.37575
35.52,0.32893
35.53,0.2816
35.54,0.23386
35.55,0.1858
35.56,0.13751
35.57,0.089075
35.58,0.040599
35.59,-0.0078306
35.6,-0.056123
35.61,-0.10419
35.62,-0.15193
35.63,-0.19926
35.64,-0.24608
35.65,-0.29231
35.66,-0.33784
35.67,-0.3826
35.68,-0.42649
35.69,-0.46941
35.7,-0.51128
35.71,-0.552
35.72,-0.59148
35.73,-0.62963
35.74,-0.66635
35.75,-0.70156
35.76,-0.73517
35.77,-0.76707
35.78,-0.79719
35.79,-0.82543
35.8,-0.85169
35.81,-0.87588
35.82,-0.89792
35.83,-0.91771
35.84,-0.93516
35.85,-0.95018
35.86,-0.96267
35.87,-0.97254
35.88,-0.97971
35.89,-0.98408
35.9,-0.98556
35.91,-0.98519
35.92,-0.98411
35.93,-0.98232
35.94,-0.97983
35.95,-0.97667
35.96,-0.97284
35.97,-0.96835
35.98,-0.96322
35.99,-0.95746
36,-0.95108
36.01,-0.9441
36.02,-0.93653
36.03,-0.92838
36.04,-0.91967
36.05,-0.9104
36.06,-0.9006
36.07,-0.89026
36.08,-0.87942
36.09,-0.86807
36.1,-0.85623
36.11,-0.84392
36.12,-0.83115
36.13,-0.81793
36.14,-0.80427
36.15,-0.79018
36.16,-0.77569
36.17,-0.76079
36.18,-0.74551
36.19,-0.72986
36.2,-0.71385
36.21,-0.69749
36.22,-0.6808
36.23,-0.66379
36.24,-0.64647
36.25,-0.62885
36.26,-0.61095
36.27,-0.59278
36.28,-0.57435
36.29,-0.55568
36.3,-0.53678
36.31,-0.51766
36.32,-0.49834
36.33,-0.47882
36.34,-0.45912
36.35,-0.43926
36.36,-0.41924
36.37,-0.39908
36.38,-0.37879
36.39,-0.35838
36.4,-0.33787
36.41,-0.31728
36.42,-0.2966
36.43,-0.27586
36.44,-0.25507
36.45,-0.23425
36.46,-0.21339
36.47,-0.19252
36.48,-0.17166
36.49,-0.1508
36.5,-0.12997
36.51,-0.10918
36.52,-0.088446
36.53,-0.067771
36.54,-0.047174
36.55,-0.026667
36.56,-0.0062621
36.57,0.014027
36.58,0.034187
36.59,0.054207
36.6,0.074072
36.61,0.09377
36.62,0.11329
36.63,0.13261
36.64,0.15173
36.65,0.17064
36.66,0.18931
36.67,0.20773
36.68,0.2259
36.69,0.2438
36.7,0.26142
36.71,0.27874
36.72,0.29575
36.73,0.31244
36.74,0.3288
36.75,0.34481
36.76,0.36046
36.77,0.37574
36.78,0.39064
36.79,0.40513
36.8,0.41922
36.81,0.43288
36.82,0.4461
36.83,0.45887
36.84,0.47118
36.85,0.48302
36.86,0.49437
36.87,0.50522
36.88,0.51555
36.89,0.52535
36.9,0.53462
36.91,0.54334
36.92,0.55148
36.93,0.55906
36.94,0.56604
36.95,0.57241
36.96,0.57817
36.97,0.5833
36.98,0.58779
36.99,0.59162
37,0.59479
37.01,0.59727
37.02,0.59906
37.03,0.60014
37.04,0.60051
37.05,0.59974
37.06,0.59746
37.07,0.5937
37.08,0.58851
37.09,0.58192
37.1,0.57397
37.11,0.56469
37.12,0.55412
37.13,0.5423
37.14,0.52927
37.15,0.51506
37.16,0.49972
37.17,0.48327
37.18,0.46576
37.19,0.44722
37.2,0.4277
37.21,0.40722
37.22,0.38582
37.23,0.36355
37.24,0.34044
37.25,0.31653
37.26,0.29185
37.27,0.26645
37.28,0.24035
37.29,0.2136
37.3,0.18624
37.31,0.15829
37.32,0.12981
37.33,0.10082
37.34,0.07136
37.35,0.041474
37.36,0.011197
37.37,-0.019435
37.38,-0.050384
37.39,-0.081614
37.4,-0.11309
37.41,-0.14476
37.42,-0.17661
37.43,-0.20858
37.44,-0.24065
37.45,-0.27278
37.46,-0.30492
37.47,-0.33705
37.48,-0.36912
37.49,-0.40109
37.5,-0.43294
37.51,-0.46462
37.52,-0.49609
37.53,-0.52732
37.54,-0.55827
37.55,-0.5889
37.56,-0.61918
37.57,-0.64906
37.58,-0.67852
37.59,-0.70751
37.6,-0.73599
37.61,-0.76394
37.62,-0.7913
37.63,-0.81805
37.64,-0.84415
37.65,-0.86955
37.66,-0.89423
37.67,-0.91815
37.68,-0.94126
37.69,-0.96353
37.7,-0.98492
37.71,-1.0054
37.72,-1.0249
37.73,-1.0435
37.74,-1.061
37.75,-1.0774
37.76,-1.0928
37.77,-1.107
37.78,-1.12
37.79,-1.1318
37.8,-1.1424
37.81,-1.1517
37.82,-1.1596
37.83,-1.1662
37.84,-1.1714
37.85,-1.1752
37.86,-1.1774
37.87,-1.1782
37.88,-1.1774
37.89,-1.1751
37.9,-1.1713
37.91,-1.1661
37.92,-1.1594
37.93,-1.1515
37.94,-1.1424
37.95,-1.132
37.96,-1.1205
37.97,-1.1079
37.98,-1.0943
37.99,-1.0797
38,-1.0642
38.01,-1.0479
38.02,-1.0307
38.03,-1.0129
38.04,-0.99429
38.05,-0.97509
38.06,-0.95533
38.07,-0.93505
38.08,-0.91431
38.09,-0.89318
38.1,-0.8717
38.11,-0.84994
38.12,-0.82795
38.13,-0.80579
38.14,-0.78352
38.15,-0.76119
38.16,-0.73886
38.17,-0.71658
38.18,-0.69442
38.19,-0.67243
38.2,-0.65067
38.21,-0.6292
38.22,-0.60806
38.23,-0.58733
38.24,-0.56705
38.25,-0.54728
38.26,-0.52809
38.27,-0.50952
38.28,-0.49163
38.29,-0.47449
38.3,-0.45814
38.31,-0.44265
38.32,-0.42807
38.33,-0.41445
38.34,-0.40187
38.35,-0.39037
38.36,-0.38
38.37,-0.37084
38.38,-0.36293
38.39,-0.35632
38.4,-0.35109
38.41,-0.34728
38.42,-0.34495
38.43,-0.34417
38.44,-0.34475
38.45,-0.34648
38.46,-0.34928
38.47,-0.35309
38.48,-0.35786
38.49,-0.36353
38.5,-0.37004
38.51,-0.37732
38.52,-0.38532
38.53,-0.39398
38.54,-0.40323
38.55,-0.41303
38.56,-0.4233
38.57,-0.43399
38.58,-0.44504
38.59,-0.45638
38.6,-0.46797
38.61,-0.47973
38.62,-0.49162
38.63,-0.50356
38.64,-0.51551
38.65,-0.5274
38.66,-0.53916
38.67,-0.55075
38.68,-0.56209
38.69,-0.57314
38.7,-0.58383
38.71,-0.5941
38.72,-0.6039
38.73,-0.61315
38.74,-0.62181
38.75,-0.62981
38.76,-0.63709
38.77,-0.6436
38.78,-0.64927
38.79,-0.65404
38.8,-0.65785
38.81,-0.66065
38.82,-0.66238
38.83,-0.66296
38.84,-0.66219
38.85,-0.6599
38.86,-0.65614
38.87,-0.65095
38.88,-0.64438
38.89,-0.63647
38.9,-0.62726
38.91,-0.61679
38.92,-0.60512
38.93,-0.59229
38.94,-0.57833
38.95,-0.5633
38.96,-0.54723
38.97,-0.53018
38.98,-0.51218
38.99,-0.49328
39,-0.47352
39.01,-0.45295
39.02,-0.43162
39.03,-0.40955
39.04,-0.38681
39.05,-0.36343
39.06,-0.33945
39.07,-0.31493
39.08,-0.2899
39.09,-0.2644
39.1,-0.2385
39.11,-0.21221
39.12,-0.1856
39.13,-0.1587
39.14,-0.13156
39.15,-0.10423
39.16,-0.076736
39.17,-0.049136
39.18,-0.021469
39.19,0.0062193
39.2,0.033886
39.21,0.061486
39.22,0.088977
39.23,0.11631
39.24,0.14345
39.25,0.17035
39.26,0.19696
39.27,0.22325
39.28,0.24915
39.29,0.27465
39.3,0.29968
39.31,0.3242
39.32,0.34818
39.33,0.37156
39.34,0.3943
39.35,0.41637
39.36,0.4377
39.37,0.45827
39.38,0.47803
39.39,0.49693
39.4,0.51493
39.41,0.53198
39.42,0.54805
39.43,0.56308
39.44,0.57704
39.45,0.58987
39.46,0.60154
39.47,0.61201
39.48,0.62122
39.49,0.62913
39.5,0.6357
39.51,0.64089
39.52,0.64465
39.53,0.64694
39.54,0.64771
39.55,0.6472
39.56,0.64569
39.57,0.64324
39.58,0.63988
39.59,0.63567
39.6,0.63066
39.61,0.62489
39.62,0.61841
39.63,0.61126
39.64,0.6035
39.65,0.59517
39.66,0.58632
39.67,0.577
39.68,0.56725
39.69,0.55712
39.7,0.54666
39.71,0.53591
39.72,0.52493
39.73,0.51376
39.74,0.50245
39.75,0.49104
39.76,0.47958
39.77,0.46813
39.78,0.45672
39.79,0.44541
39.8,0.43424
39.81,0.42325
39.82,0.41251
39.83,0.40205
39.84,0.39192
39.85,0.38217
39.86,0.37284
39.87,0.36399
39.88,0.35567
39.89,0.3479
39.9,0.34076
39.91,0.33428
39.92,0.32851
39.93,0.32349
39.94,0.31929
39.95,0.31593
39.96,0.31348
39.97,0.31197
39.98,0.31145
39.99,0.31195
40,0.31341
40.01,0.31579
40.02,0.31904
40.03,0.32314
40.04,0.32802
40.05,0.33367
40.06,0.34002
40.07,0.34704
40.08,0.35469
40.09,0.36293
40.1,0.37171
40.11,0.38099
40.12,0.39074
40.13,0.4009
40.14,0.41144
40.15,0.42231
40.16,0.43348
40.17,0.44489
40.18,0.45652
40.19,0.46831
40.2,0.48023
40.21,0.49224
40.22,0.50428
40.23,0.51632
40.24,0.52833
40.25,0.54025
40.26,0.55204
40.27,0.56367
40.28,0.57508
40.29,0.58625
40.3,0.59712
40.31,0.60766
40.32,0.61782
40.33,0.62756
40.34,0.63685
40.35,0.64563
40.36,0.65386
40.37,0.66152
40.38,0.66854
40.39,0.67489
40.4,0.68053
40.41,0.68542
40.42,0.68952
40.43,0.69277
40.44,0.69515
40.45,0.69661
40.46,0.69711
40.47,0.69647
40.48,0.69457
40.49,0.69145
40.5,0.68714
40.51,0.68167
40.52,0.67509
40.53,0.66742
40.54,0.6587
40.55,0.64897
40.56,0.63825
40.57,0.62658
40.58,0.61401
40.59,0.60055
40.6,0.58625
40.61,0.57114
40.62,0.55525
40.63,0.53863
40.64,0.52129
40.65,0.50329
40.66,0.48465
40.67,0.4654
40.68,0.44559
40.69,0.42524
40.7,0.4044
40.71,0.38309
40.72,0.36134
40.73,0.3392
40.74,0.3167
40.75,0.29388
40.76,0.27076
40.77,0.24738
40.78,0.22377
40.79,0.19998
40.8,0.17603
40.81,0.15197
40.82,0.12781
40.83,0.10361
40.84,0.079384
40.85,0.055178
40.86,0.031024
40.87,0.0069562
40.88,-0.016991
40.89,-0.040783
40.9,-0.064386
40.91,-0.087765
40.92,-0.11089
40.93,-0.13371
40.94,-0.15621
40.95,-0.17835
40.96,-0.20009
40.97,-0.22141
40.98,-0.24225
40.99,-0.2626
41,-0.28241
41.01,-0.30166
41.02,-0.3203
41.03,-0.3383
41.04,-0.35564
41.05,-0.37226
41.06,-0.38815
41.07,-0.40326
41.08,-0.41756
41.09,-0.43102
41.1,-0.44359
41.11,-0.45526
41.12,-0.46598
41.13,-0.47571
41.14,-0.48443
41.15,-0.4921
41.16,-0.49868
41.17,-0.50415
41.18,-0.50846
41.19,-0.51158
41.2,-0.51347
41.21,-0.51411
41.22,-0.51389
41.23,-0.51324
41.24,-0.51216
41.25,-0.51067
41.26,-0.50878
41.27,-0.50651
41.28,-0.50385
41.29,-0.50084
41.3,-0.49747
41.31,-0.49376
41.32,-0.48973
41.33,-0.48537
41.34,-0.48072
41.35,-0.47577
41.36,-0.47053
41.37,-0.46503
41.38,-0.45927
41.39,-0.45326
41.4,-0.44702
41.41,-0.44056
41.42,-0.43389
41.43,-0.42701
41.44,-0.41996
41.45,-0.41272
41.46,-0.40532
41.47,-0.39777
41.48,-0.39008
41.49,-0.38226
41.5,-0.37432
41.51,-0.36628
41.52,-0.35815
41.53,-0.34994
41.54,-0.34165
41.55,-0.33331
41.56,-0.32492
41.57,-0.3165
41.58,-0.30806
41.59,-0.2996
41.6,-0.29115
41.61,-0.28271
41.62,-0.27429
41.63,-0.26592
41.64,-0.25758
41.65,-0.24931
41.66,-0.24112
41.67,-0.233
41.68,-0.22498
41.69,-0.21707
41.7,-0.20928
41.71,-0.20161
41.72,-0.19409
41.73,-0.18673
41.74,-0.17953
41.75,-0.17251
41.76,-0.16568
41.77,-0.15905
41.78,-0.15263
41.79,-0.14644
41.8,-0.14048
41.81,-0.13477
41.82,-0.12933
41.83,-0.12415
41.84,-0.11926
41.85,-0.11449
41.86,-0.10968
41.87,-0.10482
41.88,-0.099924
41.89,-0.09499
41.9,-0.090022
41.91,-0.085023
41.92,-0.079997
41.93,-0.074945
41.94,-0.069872
41.95,-0.064779
41.96,-0.059671
41.97,-0.05455
41.98,-0.049419
41.99,-0.04428
42,-0.039138
42.01,-0.033995
42.02,-0.028854
42.03,-0.023718
42.04,-0.018589
42.05,-0.013472
42.06,-0.0083689
42.07,-0.0032826
42.08,0.0017838
42.09,0.0068273
42.1,0.011845
42.11,0.016834
42.12,0.02179
42.13,0.026712
42.14,0.031597
42.15,0.03644
42.16,0.041239
42.17,0.045992
42.18,0.050694
42.19,0.055344
42.2,0.059939
42.21,0.064474
42.22,0.068948
42.23,0.073356
42.24,0.077698
42.25,0.081968
42.26,0.086165
42.27,0.090285
42.28,0.094325
42.29,0.098282
42.3,0.10215
42.31,0.10594
42.32,0.10963
42.33,0.11323
42.34,0.11673
42.35,0.12012
42.36,0.12342
42.37,0.12661
42.38,0.12969
42.39,0.13265
42.4,0.1355
42.41,0.13824
42.42,0.14085
42.43,0.14333
42.44,0.14569
42.45,0.14792
42.46,0.15001
42.47,0.15197
42.48,0.15379
42.49,0.15547
42.5,0.157
42.51,0.15838
42.52,0.15961
42.53,0.16069
42.54,0.16161
42.55,0.16236
42.56,0.16296
42.57,0.16339
42.58,0.16365
42.59,0.16373
42.6,0.16334
42.61,0.16218
42.62,0.16027
42.63,0.15765
42.64,0.15433
42.65,0.15034
42.66,0.1457
42.67,0.14044
42.68,0.13459
42.69,0.12817
42.7,0.1212
42.71,0.11371
42.72,0.10573
42.73,0.097271
42.74,0.088367
42.75,0.079042
42.76,0.06932
42.77,0.059225
42.78,0.048784
42.79,0.038019
42.8,0.026957
42.81,0.015622
42.82,0.0040389
42.83,-0.0077677
42.84,-0.019773
42.85,-0.031951
42.86,-0.044279
42.87,-0.056731
42.88,-0.069281
42.89,-0.081907
42.9,-0.094582
42.91,-0.10728
42.92,-0.11998
42.93,-0.13266
42.94,-0.14528
42.95,-0.15783
42.96,-0.17028
42.97,-0.18261
42.98,-0.19479
42.99,-0.2068
43,-0.2186
43.01,-0.23018
43.02,-0.24152
43.03,-0.25258
43.04,-0.26335
43.05,-0.27379
43.06,-0.28388
43.07,-0.29361
43.08,-0.30293
43.09,-0.31183
43.1,-0.32029
43.11,-0.32828
43.12,-0.33577
43.13,-0.34273
43.14,-0.34916
43.15,-0.35501
43.16,-0.36026
43.17,-0.3649
43.18,-0.36889
43.19,-0.37221
43.2,-0.37484
43.21,-0.37674
43.22,-0.3779
43.23,-0.3783
43.24,-0.37762
43.25,-0.37562
43.26,-0.37234
43.27,-0.36781
43.28,-0.36209
43.29,-0.3552
43.3,-0.34719
43.31,-0.3381
43.32,-0.32797
43.33,-0.31684
43.34,-0.30476
43.35,-0.29176
43.36,-0.27788
43.37,-0.26317
43.38,-0.24766
43.39,-0.2314
43.4,-0.21443
43.41,-0.19679
43.42,-0.17851
43.43,-0.15964
43.44,-0.14022
43.45,-0.1203
43.46,-0.099901
43.47,-0.079078
43.48,-0.057868
43.49,-0.036311
43.5,-0.014449
43.51,0.0076781
43.52,0.030029
43.53,0.052564
43.54,0.075241
43.55,0.09802
43.56,0.12086
43.57,0.14372
43.58,0.16656
43.59,0.18934
43.6,0.21202
43.61,0.23455
43.62,0.2569
43.63,0.27903
43.64,0.30089
43.65,0.32245
43.66,0.34366
43.67,0.36448
43.68,0.38488
43.69,0.4048
43.7,0.42422
43.71,0.44309
43.72,0.46137
43.73,0.47901
43.74,0.49598
43.75,0.51224
43.76,0.52775
43.77,0.54246
43.78,0.55634
43.79,0.56934
43.8,0.58142
43.81,0.59255
43.82,0.60268
43.83,0.61177
43.84,0.61978
43.85,0.62667
43.86,0.63239
43.87,0.63692
43.88,0.6402
43.89,0.6422
43.9,0.64288
43.91,0.64191
43.92,0.63905
43.93,0.63435
43.94,0.62785
43.95,0.61961
43.96,0.60969
43.97,0.59812
43.98,0.58496
43.99,0.57027
44,0.55409
44.01,0.53648
44.02,0.51749
44.03,0.49716
44.04,0.47555
44.05,0.45272
44.06,0.4287
44.07,0.40356
44.08,0.37734
44.09,0.3501
44.1,0.32188
44.11,0.29275
44.12,0.26274
44.13,0.23191
44.14,0.20032
44.15,0.168
44.16,0.13503
44.17,0.10143
44.18,0.067276
44.19,0.032607
44.2,-0.0025227
44.21,-0.038062
44.22,-0.073961
44.23,-0.11017
44.24,-0.14663
44.25,-0.18329
44.26,-0.22011
44.27,-0.25704
44.28,-0.29401
44.29,-0.33099
44.3,-0.36791
44.31,-0.40473
44.32,-0.4414
44.33,-0.47786
44.34,-0.51406
44.35,-0.54996
44.36,-0.5855
44.37,-0.62063
44.38,-0.6553
44.39,-0.68946
44.4,-0.72305
44.41,-0.75603
44.42,-0.78834
44.43,-0.81994
44.44,-0.85076
44.45,-0.88077
44.46,-0.90991
44.47,-0.93812
44.48,-0.96536
44.49,-0.99158
44.5,-1.0167
44.51,-1.0407
44.52,-1.0636
44.53,-1.0852
44.54,-1.1055
44.55,-1.1245
44.56,-1.1421
44.57,-1.1583
44.58,-1.173
44.59,-1.1861
44.6,-1.1977
44.61,-1.2076
44.62,-1.2159
44.63,-1.2224
44.64,-1.2271
44.65,-1.2299
44.66,-1.2309
44.67,-1.2301
44.68,-1.2277
44.69,-1.2238
44.7,-1.2184
44.71,-1.2115
44.72,-1.2033
44.73,-1.1938
44.74,-1.183
44.75,-1.171
44.76,-1.1578
44.77,-1.1435
44.78,-1.1281
44.79,-1.1118
44.8,-1.0944
44.81,-1.0762
44.82,-1.0571
44.83,-1.0372
44.84,-1.0165
44.85,-0.99513
44.86,-0.97311
44.87,-0.95051
44.88,-0.92735
44.89,-0.90371
44.9,-0.87962
44.91,-0.85514
44.92,-0.83033
44.93,-0.80523
44.94,-0.7799
44.95,-0.75438
44.96,-0.72874
44.97,-0.70302
44.98,-0.67727
44.99,-0.65154
45,-0.6259
45.01,-0.60039
45.02,-0.57505
45.03,-0.54995
45.04,-0.52514
45.05,-0.50066
45.06,-0.47657
45.07,-0.45293
45.08,-0.42977
45.09,-0.40717
45.1,-0.38516
45.11,-0.36379
45.12,-0.34313
45.13,-0.32322
45.14,-0.30412
45.15,-0.28587
45.16,-0.26853
45.17,-0.25215
45.18,-0.23678
45.19,-0.22248
45.2,-0.20929
45.21,-0.19727
45.22,-0.18647
45.23,-0.17694
45.24,-0.16874
45.25,-0.16191
45.26,-0.1565
45.27,-0.15258
45.28,-0.15019
45.29,-0.14938
45.3,-0.14991
45.31,-0.15148
45.32,-0.15402
45.33,-0.15751
45.34,-0.16188
45.35,-0.16709
45.36,-0.17309
45.37,-0.17984
45.38,-0.18728
45.39,-0.19537
45.4,-0.20406
45.41,-0.2133
45.42,-0.22305
45.43,-0.23325
45.44,-0.24386
45.45,-0.25482
45.46,-0.26611
45.47,-0.27765
45.48,-0.28941
45.49,-0.30134
45.5,-0.31339
45.51,-0.32551
45.52,-0.33765
45.53,-0.34978
45.54,-0.36182
45.55,-0.37375
45.56,-0.38551
45.57,-0.39706
45.58,-0.40834
45.59,-0.41931
45.6,-0.42992
45.61,-0.44012
45.62,-0.44987
45.63,-0.45911
45.64,-0.4678
45.65,-0.47589
45.66,-0.48333
45.67,-0.49007
45.68,-0.49608
45.69,-0.50129
45.7,-0.50566
45.71,-0.50914
45.72,-0.51169
45.73,-0.51325
45.74,-0.51378
45.75,-0.51323
45.76,-0.51161
45.77,-0.50896
45.78,-0.50532
45.79,-0.50072
45.8,-0.49522
45.81,-0.48886
45.82,-0.48167
45.83,-0.4737
45.84,-0.46498
45.85,-0.45556
45.86,-0.44548
45.87,-0.43479
45.88,-0.42352
45.89,-0.41171
45.9,-0.3994
45.91,-0.38664
45.92,-0.37347
45.93,-0.35993
45.94,-0.34606
45.95,-0.3319
45.96,-0.31749
45.97,-0.30288
45.98,-0.2881
45.99,-0.27319
46,-0.25821
46.01,-0.24318
46.02,-0.22816
46.03,-0.21317
46.04,-0.19827
46.05,-0.18349
46.06,-0.16887
46.07,-0.15447
46.08,-0.14031
46.09,-0.12643
46.1,-0.11289
46.11,-0.099723
46.12,-0.086965
46.13,-0.07466
46.14,-0.062851
46.15,-0.051577
46.16,-0.040881
46.17,-0.030804
46.18,-0.021387
46.19,-0.01267
46.2,-0.0046966
46.21,0.0024936
46.22,0.0088589
46.23,0.014358
46.24,0.01895
46.25,0.022593
46.26,0.025246
46.27,0.026869
46.28,0.027419
46.29,0.026829
46.3,0.025082
46.31,0.02221
46.32,0.018246
46.33,0.013223
46.34,0.0071721
46.35,0.00012708
46.36,-0.0078797
46.37,-0.016816
46.38,-0.026648
46.39,-0.037345
46.4,-0.048873
46.41,-0.061199
46.42,-0.074292
46.43,-0.088119
46.44,-0.10265
46.45,-0.11784
46.46,-0.13367
46.47,-0.15011
46.48,-0.16711
46.49,-0.18466
46.5,-0.20271
46.51,-0.22123
46.52,-0.24019
46.53,-0.25956
46.54,-0.2793
46.55,-0.29939
46.56,-0.31978
46.57,-0.34046
46.58,-0.36137
46.59,-0.3825
46.6,-0.40381
46.61,-0.42527
46.62,-0.44684
46.63,-0.46849
46.64,-0.49019
46.65,-0.51191
46.66,-0.53361
46.67,-0.55526
46.68,-0.57683
46.69,-0.59828
46.7,-0.61959
46.71,-0.64072
46.72,-0.66164
46.73,-0.68231
46.74,-0.70271
46.75,-0.72279
46.76,-0.74254
46.77,-0.76191
46.78,-0.78087
46.79,-0.79939
46.8,-0.81744
46.81,-0.83498
46.82,-0.85199
46.83,-0.86842
46.84,-0.88425
46.85,-0.89945
46.86,-0.91398
46.87,-0.9278
46.88,-0.9409
46.89,-0.95322
46.9,-0.96475
46.91,-0.97545
46.92,-0.98528
46.93,-0.99422
46.94,-1.0022
46.95,-1.0093
46.96,-1.0153
46.97,-1.0203
46.98,-1.0243
46.99,-1.0272
47,-1.0289
47.01,-1.0295
47.02,-1.0292
47.03,-1.0283
47.04,-1.0268
47.05,-1.0248
47.06,-1.0222
47.07,-1.019
47.08,-1.0153
47.09,-1.0111
47.1,-1.0064
47.11,-1.0011
47.12,-0.99537
47.13,-0.98913
47.14,-0.98241
47.15,-0.97522
47.16,-0.96758
47.17,-0.95949
47.18,-0.95096
47.19,-0.94201
47.2,-0.93265
47.21,-0.92287
47.22,-0.91271
47.23,-0.90215
47.24,-0.89123
47.25,-0.87994
47.26,-0.8683
47.27,-0.85631
47.28,-0.84399
47.29,-0.83136
47.3,-0.8184
47.31,-0.80515
47.32,-0.79161
47.33,-0.77779
47.34,-0.76369
47.35,-0.74934
47.36,-0.73474
47.37,-0.71989
47.38,-0.70483
47.39,-0.68954
47.4,-0.67404
47.41,-0.65835
47.42,-0.64247
47.43,-0.62641
47.44,-0.61019
47.45,-0.59381
47.46,-0.57729
47.47,-0.56063
47.48,-0.54384
47.49,-0.52694
47.5,-0.50994
47.51,-0.49285
47.52,-0.47567
47.53,-0.45842
47.54,-0.4411
47.55,-0.42374
47.56,-0.40633
47.57,-0.38889
47.58,-0.37143
47.59,-0.35396
47.6,-0.33649
47.61,-0.31904
47.62,-0.3016
47.63,-0.28419
47.64,-0.26683
47.65,-0.24951
47.66,-0.23226
47.67,-0.21508
47.68,-0.19799
47.69,-0.18098
47.7,-0.16409
47.71,-0.1473
47.72,-0.13064
47.73,-0.11412
47.74,-0.09774
47.75,-0.081518
47.76,-0.065461
47.77,-0.049581
47.78,-0.033887
47.79,-0.018392
47.8,-0.0031035
47.81,0.011966
47.82,0.026808
47.83,0.04141
47.84,0.055764
47.85,0.069857
47.86,0.083681
47.87,0.097224
47.88,0.11048
47.89,0.12343
47.9,0.13607
47.91,0.14838
47.92,0.16037
47.93,0.17201
47.94,0.1833
47.95,0.19423
47.96,0.20478
47.97,0.21494
47.98,0.22472
47.99,0.23408
48,0.24304
48.01,0.25156
48.02,0.25965
48.03,0.2673
48.04,0.27448
48.05,0.2812
48.06,0.28744
48.07,0.29319
48.08,0.29845
48.09,0.30319
48.1,0.30742
48.11,0.31111
48.12,0.31427
48.13,0.31688
48.14,0.31892
48.15,0.32039
48.16,0.32129
48.17,0.32159
48.18,0.32093
48.19,0.31898
48.2,0.31578
48.21,0.31138
48.22,0.30583
48.23,0.29916
48.24,0.29142
48.25,0.28265
48.26,0.27289
48.27,0.2622
48.28,0.25061
48.29,0.23817
48.3,0.22492
48.31,0.21091
48.32,0.19617
48.33,0.18076
48.34,0.16471
48.35,0.14807
48.36,0.13089
48.37,0.1132
48.38,0.095052
48.39,0.07649
48.4,0.057556
48.41,0.038295
48.42,0.01875
48.43,-0.001036
48.44,-0.021019
48.45,-0.041154
48.46,-0.061399
48.47,-0.08171
48.48,-0.10204
48.49,-0.12235
48.5,-0.1426
48.51,-0.16273
48.52,-0.18272
48.53,-0.2025
48.54,-0.22205
48.55,-0.24131
48.56,-0.26024
48.57,-0.2788
48.58,-0.29695
48.59,-0.31464
48.6,-0.33182
48.61,-0.34846
48.62,-0.36451
48.63,-0.37992
48.64,-0.39466
48.65,-0.40867
48.66,-0.42192
48.67,-0.43436
48.68,-0.44595
48.69,-0.45665
48.7,-0.4664
48.71,-0.47517
48.72,-0.48291
48.73,-0.48958
48.74,-0.49514
48.75,-0.49953
48.76,-0.50273
48.77,-0.50468
48.78,-0.50534
48.79,-0.50468
48.8,-0.50273
48.81,-0.49953
48.82,-0.49515
48.83,-0.4896
48.84,-0.48296
48.85,-0.47525
48.86,-0.46654
48.87,-0.45685
48.88,-0.44624
48.89,-0.43476
48.9,-0.42245
48.91,-0.40936
48.92,-0.39553
48.93,-0.38101
48.94,-0.36585
48.95,-0.35008
48.96,-0.33377
48.97,-0.31695
48.98,-0.29966
48.99,-0.28197
49,-0.2639
49.01,-0.24551
49.02,-0.22685
49.03,-0.20796
49.04,-0.18888
49.05,-0.16966
49.06,-0.15035
49.07,-0.131
49.08,-0.11164
49.09,-0.092335
49.1,-0.073118
49.11,-0.05404
49.12,-0.035146
49.13,-0.016482
49.14,0.0019059
49.15,0.019971
49.16,0.037668
49.17,0.054951
49.18,0.071773
49.19,0.088089
49.2,0.10385
49.21,0.11902
49.22,0.13354
49.23,0.14737
49.24,0.16046
49.25,0.17277
49.26,0.18425
49.27,0.19485
49.28,0.20454
49.29,0.21326
49.3,0.22096
49.31,0.22761
49.32,0.23315
49.33,0.23754
49.34,0.24073
49.35,0.24268
49.36,0.24334
49.37,0.2428
49.38,0.24122
49.39,0.23866
49.4,0.23516
49.41,0.23077
49.42,0.22556
49.43,0.21958
49.44,0.21288
49.45,0.20551
49.46,0.19752
49.47,0.18898
49.48,0.17993
49.49,0.17042
49.5,0.16051
49.51,0.15026
49.52,0.13971
49.53,0.12893
49.54,0.11795
49.55,0.10684
49.56,0.095656
49.57,0.084442
49.58,0.073255
49.59,0.062147
49.6,0.051173
49.61,0.040386
49.62,0.029839
49.63,0.019586
49.64,0.0096792
49.65,0.00017315
49.66,-0.0088792
49.67,-0.017424
49.68,-0.025409
49.69,-0.03278
49.7,-0.039484
49.71,-0.045467
49.72,-0.050676
49.73,-0.055057
49.74,-0.058558
49.75,-0.061125
49.76,-0.062704
49.77,-0.063242
49.78,-0.062462
49.79,-0.060159
49.8,-0.056387
49.81,-0.051201
49.82,-0.044654
49.83,-0.036802
49.84,-0.027699
49.85,-0.017399
49.86,-0.0059561
49.87,0.0065746
49.88,0.020139
49.89,0.034683
49.9,0.050151
49.91,0.06649
49.92,0.083645
49.93,0.10156
49.94,0.12019
49.95,0.13946
49.96,0.15934
49.97,0.17976
49.98,0.20066
49.99,0.22201
50,0.24373
50.01,0.26578
50.02,0.28811
50.03,0.31065
50.04,0.33335
50.05,0.35617
50.06,0.37903
50.07,0.4019
50.08,0.42471
50.09,0.44742
50.1,0.46996
50.11,0.49228
50.12,0.51433
50.13,0.53606
50.14,0.5574
50.15,0.57831
50.16,0.59873
50.17,0.6186
50.18,0.63788
50.19,0.6565
50.2,0.67442
50.21,0.69158
50.22,0.70791
50.23,0.72338
50.24,0.73793
50.25,0.75149
50.26,0.76402
50.27,0.77546
50.28,0.78576
50.29,0.79487
50.3,0.80272
50.31,0.80927
50.32,0.81445
50.33,0.81822
50.34,0.82053
50.35,0.82131
50.36,0.82039
50.37,0.81767
50.38,0.81321
50.39,0.80707
50.4,0.79931
50.41,0.78998
50.42,0.77914
50.43,0.76684
50.44,0.75316
50.45,0.73814
50.46,0.72185
50.47,0.70434
50.48,0.68566
50.49,0.66589
50.5,0.64507
50.51,0.62326
50.52,0.60053
50.53,0.57692
50.54,0.5525
50.55,0.52733
50.56,0.50146
50.57,0.47496
50.58,0.44787
50.59,0.42026
50.6,0.39219
50.61,0.36371
50.62,0.33488
50.63,0.30577
50.64,0.27642
50.65,0.24689
50.66,0.21726
50.67,0.18756
50.68,0.15786
50.69,0.12822
50.7,0.098698
50.71,0.069349
50.72,0.040232
50.73,0.011405
50.74,-0.017074
50.75,-0.045147
50.76,-0.072755
50.77,-0.099842
50.78,-0.12635
50.79,-0.15222
50.8,-0.17739
50.81,-0.2018
50.82,-0.22541
50.83,-0.24814
50.84,-0.26995
50.85,-0.29077
50.86,-0.31055
50.87,-0.32922
50.88,-0.34673
50.89,-0.36303
50.9,-0.37804
50.91,-0.39173
50.92,-0.40402
50.93,-0.41486
50.94,-0.42419
50.95,-0.43196
50.96,-0.4381
50.97,-0.44256
50.98,-0.44527
50.99,-0.44619
51,-0.44553
51.01,-0.44359
51.02,-0.44042
51.03,-0.43607
51.04,-0.4306
51.05,-0.42407
51.06,-0.41653
51.07,-0.40803
51.08,-0.39863
51.09,-0.38839
51.1,-0.37735
51.11,-0.36557
51.12,-0.35312
51.13,-0.34003
51.14,-0.32637
51.15,-0.31219
51.16,-0.29755
51.17,-0.2825
51.18,-0.26709
51.19,-0.25138
51.2,-0.23543
51.21,-0.21929
51.22,-0.20301
51.23,-0.18664
51.24,-0.17025
51.25,-0.15389
51.26,-0.13761
51.27,-0.12146
51.28,-0.10551
51.29,-0.089804
51.3,-0.074397
51.31,-0.059345
51.32,-0.044702
51.33,-0.030524
51.34,-0.016865
51.35,-0.003779
51.36,0.0086786
51.37,0.020454
51.38,0.031491
51.39,0.041737
51.4,0.051136
51.41,0.059633
51.42,0.067175
51.43,0.073707
51.44,0.079173
51.45,0.08352
51.46,0.086692
51.47,0.088636
51.48,0.089296
51.49,0.088829
51.5,0.087455
51.51,0.085217
51.52,0.082156
51.53,0.078316
51.54,0.073738
51.55,0.068464
51.56,0.062536
51.57,0.055998
51.58,0.04889
51.59,0.041254
51.6,0.033135
51.61,0.024572
51.62,0.015609
51.63,0.0062871
51.64,-0.0033507
51.65,-0.013263
51.66,-0.023406
51.67,-0.03374
51.68,-0.044221
51.69,-0.054807
51.7,-0.065457
51.71,-0.076128
51.72,-0.086778
51.73,-0.097364
51.74,-0.10785
51.75,-0.11818
51.76,-0.12832
51.77,-0.13823
51.78,-0.14787
51.79,-0.15719
51.8,-0.16616
51.81,-0.17472
51.82,-0.18284
51.83,-0.19047
51.84,-0.19758
51.85,-0.20412
51.86,-0.21005
51.87,-0.21532
51.88,-0.2199
51.89,-0.22374
51.9,-0.2268
51.91,-0.22904
51.92,-0.23041
51.93,-0.23088
51.94,-0.23037
51.95,-0.22889
51.96,-0.22648
51.97,-0.22319
51.98,-0.21908
51.99,-0.2142
52,-0.2086
52.01,-0.20232
52.02,-0.19543
52.03,-0.18798
52.04,-0.18
52.05,-0.17157
52.06,-0.16272
52.07,-0.15352
52.08,-0.144
52.09,-0.13423
52.1,-0.12425
52.11,-0.11411
52.12,-0.10388
52.13,-0.093587
52.14,-0.083298
52.15,-0.073061
52.16,-0.062927
52.17,-0.052948
52.18,-0.043174
52.19,-0.033658
52.2,-0.02445
52.21,-0.015604
52.22,-0.0071686
52.23,0.0008031
52.24,0.0082599
52.25,0.01515
52.26,0.021423
52.27,0.027026
52.28,0.031909
52.29,0.036019
52.3,0.039306
52.31,0.041717
52.32,0.043201
52.33,0.043708
52.34,0.042927
52.35,0.040622
52.36,0.036842
52.37,0.031639
52.38,0.025066
52.39,0.017174
52.4,0.0080155
52.41,-0.002359
52.42,-0.013897
52.43,-0.026547
52.44,-0.040258
52.45,-0.054977
52.46,-0.070653
52.47,-0.087234
52.48,-0.10467
52.49,-0.1229
52.5,-0.14189
52.51,-0.16157
52.52,-0.18191
52.53,-0.20283
52.54,-0.2243
52.55,-0.24626
52.56,-0.26866
52.57,-0.29145
52.58,-0.31457
52.59,-0.33798
52.6,-0.36162
52.61,-0.38544
52.62,-0.40939
52.63,-0.43342
52.64,-0.45748
52.65,-0.48151
52.66,-0.50546
52.67,-0.52928
52.68,-0.55292
52.69,-0.57633
52.7,-0.59945
52.71,-0.62224
52.72,-0.64464
52.73,-0.6666
52.74,-0.68807
52.75,-0.70899
52.76,-0.72933
52.77,-0.74901
52.78,-0.768
52.79,-0.78623
52.8,-0.80367
52.81,-0.82025
52.82,-0.83592
52.83,-0.85064
52.84,-0.86435
52.85,-0.877
52.86,-0.88854
52.87,-0.89892
52.88,-0.90807
52.89,-0.91597
52.9,-0.92254
52.91,-0.92774
52.92,-0.93152
52.93,-0.93383
52.94,-0.93461
52.95,-0.93369
52.96,-0.93097
52.97,-0.92652
52.98,-0.9204
52.99,-0.91269
53,-0.90344
53.01,-0.89273
53.02,-0.88062
53.03,-0.86717
53.04,-0.85247
53.05,-0.83656
53.06,-0.81952
53.07,-0.80142
53.08,-0.78231
53.09,-0.76228
53.1,-0.74138
53.11,-0.71968
53.12,-0.69724
53.13,-0.67414
53.14,-0.65044
53.15,-0.62621
53.16,-0.60151
53.17,-0.57642
53.18,-0.55099
53.19,-0.52529
53.2,-0.49939
53.21,-0.47336
53.22,-0.44727
53.23,-0.42117
53.24,-0.39514
53.25,-0.36924
53.26,-0.34354
53.27,-0.31811
53.28,-0.29302
53.29,-0.26832
53.3,-0.24409
53.31,-0.22039
53.32,-0.19729
53.33,-0.17486
53.34,-0.15315
53.35,-0.13225
53.36,-0.11222
53.37,-0.093113
53.38,-0.075009
53.39,-0.05797
53.4,-0.042064
53.41,-0.027356
53.42,-0.013914
53.43,-0.0018033
53.44,0.0089084
53.45,0.018155
53.46,0.025869
53.47,0.031986
53.48,0.036437
53.49,0.039156
53.5,0.040078
53.51,0.039192
53.52,0.036585
53.53,0.032337
53.54,0.026525
53.55,0.019227
53.56,0.010522
53.57,0.00048819
53.58,-0.010797
53.59,-0.023255
53.6,-0.036808
53.61,-0.051377
53.62,-0.066884
53.63,-0.083252
53.64,-0.1004
53.65,-0.11825
53.66,-0.13673
53.67,-0.15576
53.68,-0.17525
53.69,-0.19514
53.7,-0.21534
53.71,-0.23577
53.72,-0.25636
53.73,-0.27703
53.74,-0.2977
53.75,-0.31829
53.76,-0.33872
53.77,-0.35892
53.78,-0.37881
53.79,-0.3983
53.8,-0.41733
53.81,-0.4358
53.82,-0.45366
53.83,-0.47081
53.84,-0.48717
53.85,-0.50268
53.86,-0.51725
53.87,-0.5308
53.88,-0.54326
53.89,-0.55455
53.9,-0.56458
53.91,-0.57329
53.92,-0.58058
53.93,-0.5864
53.94,-0.59064
53.95,-0.59325
53.96,-0.59414
53.97,-0.59308
53.98,-0.58995
53.99,-0.58483
54,-0.57779
54.01,-0.5689
54.02,-0.55824
54.03,-0.54588
54.04,-0.53189
54.05,-0.51636
54.06,-0.49934
54.07,-0.48093
54.08,-0.46118
54.09,-0.44018
54.1,-0.41799
54.11,-0.3947
54.12,-0.37037
54.13,-0.34509
54.14,-0.31891
54.15,-0.29193
54.16,-0.2642
54.17,-0.23582
54.18,-0.20684
54.19,-0.17734
54.2,-0.1474
54.21,-0.11709
54.22,-0.086484
54.23,-0.055657
54.24,-0.024683
54.25,0.0063649
54.26,0.037413
54.27,0.068387
54.28,0.099214
54.29,0.12982
54.3,0.16013
54.31,0.19007
54.32,0.21957
54.33,0.24855
54.34,0.27693
54.35,0.30466
54.36,0.33164
54.37,0.35782
54.38,0.3831
54.39,0.40743
54.4,0.43072
54.41,0.45291
54.42,0.47391
54.43,0.49366
54.44,0.51207
54.45,0.52909
54.46,0.54462
54.47,0.55861
54.48,0.57097
54.49,0.58163
54.5,0.59052
54.51,0.59756
54.52,0.60268
54.53,0.60581
54.54,0.60687
54.55,0.60582
54.56,0.60275
54.57,0.59772
54.58,0.59081
54.59,0.58211
54.6,0.57168
54.61,0.55961
54.62,0.54598
54.63,0.53087
54.64,0.51434
54.65,0.49649
54.66,0.47739
54.67,0.45711
54.68,0.43574
54.69,0.41335
54.7,0.39002
54.71,0.36584
54.72,0.34087
54.73,0.3152
54.74,0.2889
54.75,0.26206
54.76,0.23474
54.77,0.20704
54.78,0.17902
54.79,0.15077
54.8,0.12236
54.81,0.093874
54.82,0.065388
54.83,0.036979
54.84,0.0087273
54.85,-0.01929
54.86,-0.046995
54.87,-0.074309
54.88,-0.10115
54.89,-0.12745
54.9,-0.15312
54.91,-0.17809
54.92,-0.20228
54.93,-0.2256
54.94,-0.24799
54.95,-0.26936
54.96,-0.28964
54.97,-0.30874
54.98,-0.3266
54.99,-0.34312
55,-0.35824
55.01,-0.37187
55.02,-0.38393
55.03,-0.39436
55.04,-0.40306
55.05,-0.40997
55.06,-0.415
55.07,-0.41808
55.08,-0.41912
55.09,-0.41812
55.1,-0.41517
55.11,-0.41035
55.12,-0.40375
55.13,-0.39545
55.14,-0.38552
55.15,-0.37405
55.16,-0.36112
55.17,-0.34681
55.18,-0.3312
55.19,-0.31437
55.2,-0.29641
55.21,-0.27739
55.22,-0.2574
55.23,-0.23651
55.24,-0.21482
55.25,-0.19239
55.26,-0.16931
55.27,-0.14567
55.28,-0.12154
55.29,-0.097002
55.3,-0.072141
55.31,-0.047036
55.32,-0.021769
55.33,0.0035793
55.34,0.028928
55.35,0.054195
55.36,0.0793
55.37,0.10416
55.38,0.1287
55.39,0.15283
55.4,0.17647
55.41,0.19955
55.42,0.22198
55.43,0.24367
55.44,0.26456
55.45,0.28455
55.46,0.30357
55.47,0.32153
55.48,0.33836
55.49,0.35397
55.5,0.36828
55.51,0.38121
55.52,0.39268
55.53,0.40261
55.54,0.41091
55.55,0.41751
55.56,0.42233
55.57,0.42528
55.58,0.42628
55.59,0.42522
55.6,0.42212
55.61,0.41703
55.62,0.41004
55.63,0.40123
55.64,0.39066
55.65,0.37842
55.66,0.36458
55.67,0.34922
55.68,0.33242
55.69,0.31424
55.7,0.29477
55.71,0.27408
55.72,0.25225
55.73,0.22936
55.74,0.20547
55.75,0.18068
55.76,0.15504
55.77,0.12865
55.78,0.10157
55.79,0.073878
55.8,0.045656
55.81,0.016977
55.82,-0.012082
55.83,-0.041445
55.84,-0.071037
55.85,-0.10078
55.86,-0.1306
55.87,-0.16042
55.88,-0.19016
55.89,-0.21976
55.9,-0.24912
55.91,-0.27818
55.92,-0.30686
55.93,-0.33508
55.94,-0.36277
55.95,-0.38985
55.96,-0.41624
55.97,-0.44188
55.98,-0.46668
55.99,-0.49056
56,-0.51345
56.01,-0.53528
56.02,-0.55597
56.03,-0.57544
56.04,-0.59362
56.05,-0.61042
56.06,-0.62578
56.07,-0.63962
56.08,-0.65186
56.09,-0.66243
56.1,-0.67124
56.11,-0.67823
56.12,-0.68332
56.13,-0.68643
56.14,-0.68748
56.15,-0.68652
56.16,-0.68371
56.17,-0.6791
56.18,-0.67278
56.19,-0.66481
56.2,-0.65527
56.21,-0.64422
56.22,-0.63174
56.23,-0.6179
56.24,-0.60278
56.25,-0.58643
56.26,-0.56895
56.27,-0.55038
56.28,-0.53082
56.29,-0.51032
56.3,-0.48897
56.31,-0.46683
56.32,-0.44397
56.33,-0.42047
56.34,-0.39639
56.35,-0.37182
56.36,-0.34682
56.37,-0.32145
56.38,-0.2958
56.39,-0.26994
56.4,-0.24393
56.41,-0.21786
56.42,-0.19178
56.43,-0.16577
56.44,-0.13991
56.45,-0.11426
56.46,-0.088896
56.47,-0.063891
56.48,-0.039316
56.49,-0.015242
56.5,0.0082591
56.51,0.031116
56.52,0.053258
56.53,0.074612
56.54,0.095107
56.55,0.11467
56.56,0.13323
56.57,0.15072
56.58,0.16707
56.59,0.18219
56.6,0.19603
56.61,0.20851
56.62,0.21956
56.63,0.2291
56.64,0.23707
56.65,0.24339
56.66,0.248
56.67,0.25081
56.68,0.25177
56.69,0.2509
56.7,0.24834
56.71,0.24417
56.72,0.23846
56.73,0.23129
56.74,0.22273
56.75,0.21286
56.76,0.20175
56.77,0.18947
56.78,0.17611
56.79,0.16174
56.8,0.14642
56.81,0.13025
56.82,0.11329
56.83,0.09561
56.84,0.077296
56.85,0.05842
56.86,0.039056
56.87,0.019279
56.88,-0.00083529
56.89,-0.021212
56.9,-0.041777
56.91,-0.062454
56.92,-0.083169
56.93,-0.10385
56.94,-0.12441
56.95,-0.14479
56.96,-0.1649
56.97,-0.18468
56.98,-0.20404
56.99,-0.22292
57,-0.24123
57.01,-0.25891
57.02,-0.27587
57.03,-0.29205
57.04,-0.30736
57.05,-0.32173
57.06,-0.3351
57.07,-0.34737
57.08,-0.35848
57.09,-0.36835
57.1,-0.37691
57.11,-0.38408
57.12,-0.38979
57.13,-0.39396
57.14,-0.39652
57.15,-0.39739
57.16,-0.39654
57.17,-0.39402
57.18,-0.38989
57.19,-0.38421
57.2,-0.37702
57.21,-0.3684
57.22,-0.3584
57.23,-0.34706
57.24,-0.33446
57.25,-0.32064
57.26,-0.30566
57.27,-0.28958
57.28,-0.27245
57.29,-0.25434
57.3,-0.23529
57.31,-0.21537
57.32,-0.19462
57.33,-0.17312
57.34,-0.15091
57.35,-0.12804
57.36,-0.10459
57.37,-0.080598
57.38,-0.056126
57.39,-0.03123
57.4,-0.0059675
57.41,0.019606
57.42,0.045434
57.43,0.07146
57.44,0.097627
57.45,0.12388
57.46,0.15016
57.47,0.17641
57.48,0.20258
57.49,0.2286
57.5,0.25443
57.51,0.28001
57.52,0.30527
57.53,0.33016
57.54,0.35464
57.55,0.37863
57.56,0.40208
57.57,0.42494
57.58,0.44716
57.59,0.46866
57.6,0.4894
57.61,0.50933
57.62,0.52837
57.63,0.54649
57.64,0.56361
57.65,0.57969
57.66,0.59467
57.67,0.60849
57.68,0.6211
57.69,0.63243
57.7,0.64244
57.71,0.65106
57.72,0.65824
57.73,0.66393
57.74,0.66806
57.75,0.67058
57.76,0.67143
57.77,0.67085
57.78,0.66915
57.79,0.66636
57.8,0.66253
57.81,0.65771
57.82,0.65194
57.83,0.64525
57.84,0.6377
57.85,0.62932
57.86,0.62017
57.87,0.61028
57.88,0.5997
57.89,0.58846
57.9,0.57662
57.91,0.56422
57.92,0.5513
57.93,0.5379
57.94,0.52407
57.95,0.50984
57.96,0.49527
57.97,0.4804
57.98,0.46527
57.99,0.44992
58,0.4344
58.01,0.41875
58.02,0.40301
58.03,0.38723
58.04,0.37145
58.05,0.35571
58.06,0.34006
58.07,0.32454
58.08,0.30919
58.09,0.29406
58.1,0.27918
58.11,0.26462
58.12,0.25039
58.13,0.23656
58.14,0.22316
58.15,0.21024
58.16,0.19784
58.17,0.186
58.18,0.17476
58.19,0.16418
58.2,0.15429
58.21,0.14513
58.22,0.13676
58.23,0.12921
58.24,0.12252
58.25,0.11675
58.26,0.11193
58.27,0.1081
58.28,0.10531
58.29,0.10361
58.3,0.10303
58.31,0.10328
58.32,0.10399
58.33,0.10512
58.34,0.10662
58.35,0.10843
58.36,0.11051
58.37,0.11282
58.38,0.11529
58.39,0.11789
58.4,0.12055
58.41,0.12325
58.42,0.12592
58.43,0.12851
58.44,0.13099
58.45,0.13329
58.46,0.13537
58.47,0.13719
58.48,0.13868
58.49,0.13981
58.5,0.14052
58.51,0.14077
58.52,0.14019
58.53,0.13847
58.54,0.13565
58.55,0.13178
58.56,0.1269
58.57,0.12105
58.58,0.11427
58.59,0.1066
58.6,0.098098
58.61,0.08879
58.62,0.078724
58.63,0.067941
58.64,0.056484
58.65,0.044395
58.66,0.031716
58.67,0.018489
58.68,0.0047559
58.69,-0.0094407
58.7,-0.024059
58.71,-0.039056
58.72,-0.054391
58.73,-0.07002
58.74,-0.085903
58.75,-0.102
58.76,-0.11826
58.77,-0.13465
58.78,-0.15112
58.79,-0.16763
58.8,-0.18415
58.81,-0.20062
58.82,-0.21701
58.83,-0.23327
58.84,-0.24936
58.85,-0.26525
58.86,-0.28088
58.87,-0.29621
58.88,-0.31121
58.89,-0.32582
58.9,-0.34002
58.91,-0.35375
58.92,-0.36698
58.93,-0.37966
58.94,-0.39175
58.95,-0.40321
58.96,-0.41399
58.97,-0.42406
58.98,-0.43336
58.99,-0.44187
59,-0.44953
59.01,-0.45631
59.02,-0.46216
59.03,-0.46705
59.04,-0.47092
59.05,-0.47373
59.06,-0.47545
59.07,-0.47604
59.08,-0.47493
59.09,-0.47166
59.1,-0.4663
59.11,-0.45893
59.12,-0.44963
59.13,-0.43846
59.14,-0.42551
59.15,-0.41085
59.16,-0.39456
59.17,-0.37672
59.18,-0.35739
59.19,-0.33666
59.2,-0.3146
59.21,-0.29129
59.22,-0.2668
59.23,-0.24121
59.24,-0.2146
59.25,-0.18703
59.26,-0.1586
59.27,-0.12936
59.28,-0.099409
59.29,-0.068809
59.3,-0.03764
59.31,-0.0059773
59.32,0.026103
59.33,0.058524
59.34,0.091212
59.35,0.12409
59.36,0.15708
59.37,0.19011
59.38,0.2231
59.39,0.25598
59.4,0.28866
59.41,0.32109
59.42,0.35317
59.43,0.38483
59.44,0.416
59.45,0.4466
59.46,0.47655
59.47,0.50578
59.48,0.53422
59.49,0.56178
59.5,0.5884
59.51,0.61399
59.52,0.63848
59.53,0.66179
59.54,0.68385
59.55,0.70458
59.56,0.72391
59.57,0.74175
59.58,0.75804
59.59,0.7727
59.6,0.78565
59.61,0.79681
59.62,0.80612
59.63,0.81349
59.64,0.81885
59.65,0.82212
59.66,0.82323
59.67,0.82173
59.68,0.81733
59.69,0.81013
59.7,0.80025
59.71,0.78781
59.72,0.77293
59.73,0.75572
59.74,0.7363
59.75,0.71478
59.76,0.69128
59.77,0.66592
59.78,0.63882
59.79,0.61008
59.8,0.57983
59.81,0.54818
59.82,0.51526
59.83,0.48117
59.84,0.44603
59.85,0.40996
59.86,0.37307
59.87,0.33549
59.88,0.29732
59.89,0.25869
59.9,0.21971
59.91,0.18049
59.92,0.14116
59.93,0.10183
59.94,0.062619
59.95,0.023637
59.96,-0.014994
59.97,-0.053161
59.98,-0.090745
59.99,-0.12763
60,-0.1637
